experiment,donor_divergence,is_complete_ghost,rep_idx,detected,rec_matched,pwr_any,pwr_both,mae,max_z,runtime_ms
ghost,0.0,False,0,False,False,0.0,0.0,,0.0,19.364667000000058
ghost,0.0,False,1,True,True,1.0,1.0,2.0,4.017044892575363,32.77795900000014
ghost,0.0,False,2,True,True,1.0,1.0,13.0,4.651265172271522,33.36845900000007
ghost,0.0,False,3,True,True,1.0,0.0,15.0,3.1254628264575626,35.205625000000126
ghost,0.0,False,5,True,True,1.0,1.0,2.0,5.402157933402221,32.8051669999998
ghost,0.0,False,4,True,True,1.0,1.0,33.5,3.914295665849071,32.86579199999995
ghost,0.0,False,6,True,True,1.0,0.0,1.0,4.348861952298719,33.73054199999981
ghost,0.0,False,7,True,True,1.0,0.0,6.0,3.0119561031521624,33.098457999999994
ghost,0.0,False,8,True,True,1.0,0.0,10.0,2.63609838049949,34.14837500000001
ghost,0.0,False,9,True,True,1.0,0.0,0.0,2.7331515785133247,33.2317080000002
ghost,0.0,False,10,True,True,1.0,0.0,27.0,4.542322170334106,32.931791999999845
ghost,0.0,False,11,True,True,1.0,1.0,11.0,9.051695125100721,32.21304099999989
ghost,0.0,False,12,True,True,1.0,0.0,2.0,2.7764789334832107,35.250124999999684
ghost,0.0,False,13,False,False,0.0,0.0,,0.0,18.840125000000096
ghost,0.0,False,14,True,True,1.0,0.0,14.0,3.0094147395624398,35.01491699999981
ghost,0.0,False,15,True,True,1.0,0.0,10.0,2.5486639693491173,35.39779099999984
ghost,0.0,False,16,True,True,1.0,1.0,11.0,4.549369174233649,35.908709000000094
ghost,0.0,False,17,True,True,1.0,0.0,4.0,11.940481995410519,34.86479199999959
ghost,0.0,False,19,False,False,0.0,0.0,,0.0,19.803875000000026
ghost,0.0,False,18,True,True,1.0,0.0,18.0,5.7879384592161935,34.69666599999988
ghost,0.01,False,0,True,True,1.0,1.0,19.0,4.161526836081077,32.40941700000022
ghost,0.01,False,1,True,True,1.0,1.0,14.0,4.668544006797828,33.201249999999405
ghost,0.01,False,2,True,True,1.0,0.0,3.0,4.296730322241598,33.80916699999936
ghost,0.01,False,3,True,True,1.0,1.0,12.5,7.908213294336684,32.531125000000216
ghost,0.01,False,4,True,True,1.0,0.0,0.0,6.261527171318551,34.12387499999969
ghost,0.01,False,5,True,True,1.0,0.0,26.0,3.8170048269237533,34.45479099999993
ghost,0.01,False,6,True,True,1.0,0.0,8.0,10.099196456429102,37.86862499999977
ghost,0.01,False,7,True,True,1.0,1.0,15.0,3.573893625336725,37.193958999999666
ghost,0.01,False,8,True,True,1.0,1.0,15.5,4.199937220976818,35.19637499999995
ghost,0.01,False,9,True,True,1.0,1.0,26.0,4.069224918015185,36.0729580000001
ghost,0.01,False,11,True,True,1.0,1.0,4.0,5.14521802635311,34.314207999999624
ghost,0.01,False,10,False,False,0.0,0.0,,0.0,19.301957999999786
ghost,0.01,False,12,True,True,1.0,1.0,3.5,8.682367202774484,33.56099999999973
ghost,0.01,False,14,True,True,1.0,1.0,4.0,3.6215801295324983,37.87900000000022
ghost,0.01,False,13,True,True,1.0,1.0,1.5,7.295772272140867,37.023709000000515
ghost,0.01,False,15,True,True,1.0,0.0,0.0,8.049165344749282,37.81641699999927
ghost,0.01,False,16,True,True,1.0,0.0,23.0,2.7115348261403387,35.73029199999933
ghost,0.01,False,17,True,True,1.0,1.0,4.0,4.332408609625096,35.02195799999974
ghost,0.01,False,18,True,True,1.0,1.0,15.0,4.2901153836159756,35.437541000000294
ghost,0.01,False,19,True,True,1.0,1.0,14.5,3.403859289801212,36.11683300000035
ghost,0.03,False,0,True,True,1.0,0.0,53.5,2.874502304546726,35.12245800000002
ghost,0.03,False,1,True,True,1.0,0.0,6.0,4.657180911874036,36.027875000000265
ghost,0.03,False,2,True,True,1.0,1.0,8.5,7.903449521622958,34.56720899999954
ghost,0.03,False,3,True,True,1.0,0.0,34.0,4.876876006229955,37.47766600000002
ghost,0.03,False,4,True,True,1.0,0.0,21.0,6.884945939557435,35.49104199999942
ghost,0.03,False,5,True,True,1.0,1.0,6.5,4.2189901909899525,34.039124999999615
ghost,0.03,False,6,True,True,1.0,1.0,0.5,8.991008237533222,32.834666999999484
ghost,0.03,False,7,True,True,1.0,0.0,24.0,5.6795606273575565,33.548083999999534
ghost,0.03,False,8,True,True,1.0,1.0,21.0,9.305293732575496,33.22241600000009
ghost,0.03,False,9,True,True,1.0,1.0,5.5,6.724964375811283,32.53391699999941
ghost,0.03,False,10,True,True,1.0,0.0,49.0,3.8814395811432894,36.2716660000002
ghost,0.03,False,11,True,True,1.0,1.0,16.5,2.979076385250893,34.083666999999984
ghost,0.03,False,12,True,True,1.0,1.0,12.0,9.230512742725779,33.30662499999981
ghost,0.03,False,13,True,True,1.0,0.0,14.0,6.063487342343852,35.40945800000017
ghost,0.03,False,14,True,True,1.0,0.0,2.0,3.8900314253189263,44.765790999999666
ghost,0.03,False,15,True,True,1.0,1.0,0.0,5.38917624239884,45.21900000000034
ghost,0.03,False,16,True,True,1.0,1.0,14.0,4.901847938495125,38.11145899999957
ghost,0.03,False,17,True,True,1.0,1.0,9.0,6.362210362543311,34.3902500000004
ghost,0.03,False,18,True,True,1.0,1.0,5.5,5.5590340035960155,33.86800000000001
ghost,0.03,False,19,True,True,1.0,1.0,24.5,2.9482968318543312,37.42312500000011
ghost,0.05,False,0,True,True,1.0,1.0,42.0,5.6188038688486515,33.73500000000007
ghost,0.05,False,1,True,True,1.0,0.0,4.0,11.544260393746402,34.69454200000044
ghost,0.05,False,2,True,True,1.0,1.0,8.0,8.087061669677041,33.12991700000012
ghost,0.05,False,3,True,True,1.0,1.0,6.5,5.239443992945228,33.82908400000062
ghost,0.05,False,4,True,True,1.0,1.0,21.0,8.727376293408026,33.967667000000645
ghost,0.05,False,5,True,True,1.0,0.0,88.0,6.132697613684329,35.03654200000028
ghost,0.05,False,6,True,True,1.0,1.0,19.0,9.084057554392151,32.80087499999951
ghost,0.05,False,7,True,True,1.0,1.0,18.5,7.015692370812631,32.92541599999943
ghost,0.05,False,8,True,True,1.0,1.0,13.0,6.8894081068687285,32.06033300000044
ghost,0.05,False,10,True,True,1.0,1.0,7.0,11.651760968086254,34.89925000000049
ghost,0.05,False,9,True,True,1.0,0.0,48.0,9.338013642402585,34.71808299999957
ghost,0.05,False,11,True,True,1.0,1.0,9.0,4.509586733690621,33.52070900000115
ghost,0.05,False,12,True,True,1.0,1.0,19.0,7.8742413967185545,34.46691600000129
ghost,0.05,False,13,True,True,1.0,0.0,6.0,14.08713708876814,36.923625000000015
ghost,0.05,False,14,True,True,1.0,1.0,10.5,10.334890599600948,34.91583299999945
ghost,0.05,False,16,False,False,0.0,0.0,,0.0,19.12674999999986
ghost,0.05,False,15,True,True,1.0,1.0,25.5,8.66236528793012,33.94150000000096
ghost,0.05,False,17,True,True,1.0,1.0,9.5,7.672629326315152,32.60395799999927
ghost,0.05,False,18,True,True,1.0,1.0,5.0,9.053544427056364,34.3579579999993
ghost,0.05,False,19,True,True,1.0,1.0,15.0,8.737253417086055,34.92633299999959
ghost,0.1,False,0,False,False,0.0,0.0,,0.0,20.15879199999837
ghost,0.1,False,2,True,True,1.0,0.0,4.0,3.951838400763407,36.54087500000003
ghost,0.1,False,1,False,False,0.0,0.0,,0.0,20.102875000000964
ghost,0.1,False,3,False,False,0.0,0.0,,0.0,20.1506250000012
ghost,0.1,False,5,False,False,0.0,0.0,,0.0,19.93395899999939
ghost,0.1,False,4,False,False,0.0,0.0,,0.0,20.005041000001
ghost,0.1,False,6,True,True,1.0,0.0,25.0,3.586904158374065,38.07329199999998
ghost,0.1,False,7,True,True,1.0,0.0,19.0,3.9966348397934115,34.608541999999076
ghost,0.1,False,8,False,False,0.0,0.0,,0.0,19.538292000000013
ghost,0.1,False,9,True,True,1.0,0.0,6.0,5.783820735323885,37.97533300000033
ghost,0.1,False,11,False,False,0.0,0.0,,0.0,20.50041699999916
ghost,0.1,False,10,True,True,1.0,0.0,4.0,6.662323761020652,36.10316700000027
ghost,0.1,False,12,False,False,0.0,0.0,,0.0,19.414417000000128
ghost,0.1,False,13,False,False,0.0,0.0,,0.0,18.702457999999922
ghost,0.1,False,14,False,False,0.0,0.0,,0.0,18.938916999999833
ghost,0.1,False,15,False,False,0.0,0.0,,0.0,19.358125000000115
ghost,0.1,False,16,False,False,0.0,0.0,,0.0,19.700500000000787
ghost,0.1,False,17,True,True,1.0,0.0,4.0,3.794895477489865,36.47258299999834
ghost,0.1,False,18,False,False,0.0,0.0,,0.0,19.714374999999507
ghost,0.1,False,19,True,True,1.0,0.0,69.0,3.7992054151672514,35.93012499999837
ghost,0.0,True,0,False,False,0.0,0.0,,0.0,18.243374999999062
ghost,0.0,True,1,False,False,0.0,0.0,,0.0,17.411750000000836
ghost,0.0,True,2,False,False,0.0,0.0,,0.0,17.411000000000953
ghost,0.0,True,3,False,False,0.0,0.0,,0.0,17.660125000000804
ghost,0.0,True,4,False,False,0.0,0.0,,0.0,18.167625000000243
ghost,0.0,True,5,False,False,0.0,0.0,,0.0,18.347249999999704
ghost,0.0,True,6,False,False,0.0,0.0,,0.0,17.98508399999932
ghost,0.0,True,7,False,False,0.0,0.0,,0.0,18.797624999999485
ghost,0.0,True,8,False,False,0.0,0.0,,0.0,18.322833000000927
ghost,0.0,True,9,False,False,0.0,0.0,,0.0,18.020375000000755
ghost,0.0,True,10,False,False,0.0,0.0,,0.0,17.394666999999586
ghost,0.0,True,11,False,False,0.0,0.0,,0.0,17.771708000001496
ghost,0.0,True,12,False,False,0.0,0.0,,0.0,18.634000000000484
ghost,0.0,True,13,False,False,0.0,0.0,,0.0,18.031750000000457
ghost,0.0,True,14,False,False,0.0,0.0,,0.0,17.836874999998642
ghost,0.0,True,15,False,False,0.0,0.0,,0.0,17.8753339999993
ghost,0.0,True,16,False,False,0.0,0.0,,0.0,17.62066599999912
ghost,0.0,True,17,False,False,0.0,0.0,,0.0,17.434457999998543
ghost,0.0,True,18,False,False,0.0,0.0,,0.0,17.425333000000265
ghost,0.0,True,19,False,False,0.0,0.0,,0.0,16.95408399999998
