experiment,N,divergence,is_null,rep_idx,detected,rec_matched,n_bps,pwr_any,pwr_both,mae,runtime_ms
scaling,5,0.02,False,2,False,False,0,0.0,0.0,,21.879624999999958
scaling,5,0.02,False,0,False,False,0,0.0,0.0,,22.265084000000044
scaling,5,0.02,False,1,False,False,0,0.0,0.0,,23.366459000000006
scaling,5,0.02,False,5,False,False,0,0.0,0.0,,15.434667000000069
scaling,5,0.02,False,3,True,True,1,1.0,0.0,3.0,29.88262499999994
scaling,5,0.02,False,4,True,True,1,1.0,0.0,28.0,29.426874999999963
scaling,5,0.02,False,6,False,False,0,0.0,0.0,,15.470082999999857
scaling,5,0.02,False,8,False,False,0,0.0,0.0,,15.897834
scaling,5,0.02,False,7,False,False,0,0.0,0.0,,16.385541000000003
scaling,5,0.02,False,9,False,False,0,0.0,0.0,,15.721749999999979
scaling,5,0.02,False,10,False,False,0,0.0,0.0,,14.836083000000055
scaling,5,0.02,False,11,False,False,0,0.0,0.0,,15.712667000000291
scaling,5,0.02,False,12,False,False,0,0.0,0.0,,15.689207999999955
scaling,5,0.02,False,14,False,False,0,0.0,0.0,,15.5070829999997
scaling,5,0.02,False,13,True,True,1,1.0,0.0,2.0,29.68925000000011
scaling,5,0.02,True,0,False,,0,0.0,0.0,,17.789333000000074
scaling,5,0.02,True,1,False,,0,0.0,0.0,,22.35850000000017
scaling,5,0.02,True,2,False,,0,0.0,0.0,,16.19983299999994
scaling,5,0.02,True,3,False,,0,0.0,0.0,,14.788583000000077
scaling,5,0.02,True,4,False,,0,0.0,0.0,,15.438665999999657
scaling,5,0.02,True,5,False,,0,0.0,0.0,,14.861874999999802
scaling,5,0.02,True,6,False,,0,0.0,0.0,,16.941875000000106
scaling,5,0.02,True,7,False,,0,0.0,0.0,,15.492583999999976
scaling,5,0.02,True,8,False,,0,0.0,0.0,,15.54241600000017
scaling,5,0.02,True,9,False,,0,0.0,0.0,,15.186292000000101
scaling,5,0.05,False,0,True,True,2,1.0,1.0,22.0,27.982832999999818
scaling,5,0.05,False,1,True,True,2,1.0,1.0,13.5,27.920958000000162
scaling,5,0.05,False,2,True,True,1,1.0,0.0,12.0,28.952874999999878
scaling,5,0.05,False,4,True,True,1,1.0,0.0,8.0,29.14354199999991
scaling,5,0.05,False,3,True,True,1,1.0,0.0,16.0,29.348917000000085
scaling,5,0.05,False,5,True,True,1,1.0,0.0,20.0,28.98383399999993
scaling,5,0.05,False,6,True,True,2,1.0,1.0,11.0,28.065624999999983
scaling,5,0.05,False,7,True,True,2,1.0,1.0,25.0,28.849166000000093
scaling,5,0.05,False,8,True,True,2,1.0,1.0,14.0,28.48670799999997
scaling,5,0.05,False,9,True,True,1,1.0,0.0,8.0,29.061834000000175
scaling,5,0.05,False,10,True,True,1,1.0,0.0,20.0,28.998666999999756
scaling,5,0.05,False,11,True,True,1,1.0,0.0,27.0,29.701250000000012
scaling,5,0.05,False,12,True,True,1,1.0,0.0,18.0,29.35979100000008
scaling,5,0.05,False,13,True,True,2,1.0,1.0,22.0,30.638042000000087
scaling,5,0.05,False,14,True,True,2,1.0,1.0,29.0,29.84808300000008
scaling,5,0.05,True,0,False,,0,0.0,0.0,,14.86283300000002
scaling,5,0.05,True,1,False,,0,0.0,0.0,,15.075208999999923
scaling,5,0.05,True,2,False,,0,0.0,0.0,,15.44954200000026
scaling,5,0.05,True,3,False,,0,0.0,0.0,,14.82829100000016
scaling,5,0.05,True,4,False,,0,0.0,0.0,,15.383125000000053
scaling,5,0.05,True,5,False,,0,0.0,0.0,,15.468999999999955
scaling,5,0.05,True,6,False,,0,0.0,0.0,,14.939834000000207
scaling,5,0.05,True,7,False,,0,0.0,0.0,,15.271000000000257
scaling,5,0.05,True,8,False,,0,0.0,0.0,,14.715874999999379
scaling,5,0.05,True,9,False,,0,0.0,0.0,,15.116416999999771
scaling,10,0.02,False,0,True,True,1,1.0,0.0,47.0,33.12362499999999
scaling,10,0.02,False,1,True,True,1,1.0,0.0,8.0,34.111375000000166
scaling,10,0.02,False,2,True,True,2,1.0,0.0,0.0,32.79641700000013
scaling,10,0.02,False,3,True,True,1,1.0,0.0,32.0,32.728957999999864
scaling,10,0.02,False,4,True,True,1,1.0,0.0,1.0,33.32241699999994
scaling,10,0.02,False,5,True,True,1,1.0,0.0,5.0,32.922915999999525
scaling,10,0.02,False,6,True,True,1,1.0,0.0,6.0,48.075250000000125
scaling,10,0.02,False,7,True,True,1,1.0,0.0,14.0,35.919749999999695
scaling,10,0.02,False,8,False,False,0,0.0,0.0,,18.46720799999968
scaling,10,0.02,False,9,True,True,1,1.0,0.0,73.0,37.92945899999989
scaling,10,0.02,False,10,True,True,1,1.0,0.0,88.0,36.47533399999947
scaling,10,0.02,False,11,True,True,1,1.0,0.0,3.0,38.487958000000155
scaling,10,0.02,False,12,True,True,1,1.0,0.0,65.0,38.042915999999316
scaling,10,0.02,False,13,True,True,2,1.0,1.0,20.5,36.03266699999974
scaling,10,0.02,False,14,True,True,2,1.0,0.0,16.0,34.89074999999975
scaling,10,0.02,True,0,False,,0,0.0,0.0,,18.68141599999973
scaling,10,0.02,True,1,False,,0,0.0,0.0,,21.545457999999407
scaling,10,0.02,True,2,False,,0,0.0,0.0,,18.24675000000031
scaling,10,0.02,True,3,False,,0,0.0,0.0,,18.303416000000183
scaling,10,0.02,True,4,True,,1,0.0,0.0,,32.582624999999865
scaling,10,0.02,True,5,False,,0,0.0,0.0,,17.310292000000338
scaling,10,0.02,True,6,False,,0,0.0,0.0,,17.286582999999744
scaling,10,0.02,True,7,False,,0,0.0,0.0,,17.021500000000245
scaling,10,0.02,True,8,False,,0,0.0,0.0,,17.03020899999963
scaling,10,0.02,True,9,False,,0,0.0,0.0,,17.603207999999704
scaling,10,0.05,False,0,True,True,2,1.0,1.0,16.0,32.34445800000074
scaling,10,0.05,False,1,True,True,3,1.0,1.0,4.0,32.23583299999966
scaling,10,0.05,False,2,True,True,2,1.0,1.0,21.5,32.31129200000016
scaling,10,0.05,False,3,True,True,3,1.0,1.0,2.5,31.210167000000233
scaling,10,0.05,False,4,True,True,2,1.0,0.0,3.0,32.11979099999951
scaling,10,0.05,False,5,True,True,1,1.0,0.0,5.0,34.87766599999986
scaling,10,0.05,False,6,True,True,1,1.0,0.0,6.0,34.319583000000264
scaling,10,0.05,False,7,True,True,2,1.0,1.0,16.5,31.812999999999647
scaling,10,0.05,False,8,True,True,1,1.0,0.0,0.0,34.081999999999724
scaling,10,0.05,False,9,True,True,3,1.0,1.0,12.0,32.27158299999999
scaling,10,0.05,False,10,True,True,2,1.0,1.0,2.0,31.80374999999991
scaling,10,0.05,False,11,True,True,2,1.0,1.0,57.0,45.268541999999634
scaling,10,0.05,False,12,True,True,3,1.0,1.0,7.0,32.067208000000846
scaling,10,0.05,False,13,True,True,3,1.0,1.0,13.5,32.56166600000032
scaling,10,0.05,False,14,True,True,3,1.0,1.0,2.5,32.78637500000059
scaling,10,0.05,True,0,False,,0,0.0,0.0,,17.11270900000006
scaling,10,0.05,True,1,False,,0,0.0,0.0,,17.164709000000222
scaling,10,0.05,True,2,False,,0,0.0,0.0,,17.63337499999995
scaling,10,0.05,True,3,False,,0,0.0,0.0,,16.684209000000116
scaling,10,0.05,True,4,False,,0,0.0,0.0,,17.45933299999969
scaling,10,0.05,True,5,False,,0,0.0,0.0,,17.421707999999647
scaling,10,0.05,True,6,False,,0,0.0,0.0,,17.407041000000234
scaling,10,0.05,True,7,False,,0,0.0,0.0,,16.948082999999947
scaling,10,0.05,True,8,False,,0,0.0,0.0,,17.419750000000178
scaling,10,0.05,True,9,False,,0,0.0,0.0,,17.410916999999415
scaling,20,0.02,False,0,True,True,1,1.0,0.0,9.0,45.54675000000152
scaling,20,0.02,False,1,False,False,0,0.0,0.0,,28.34224999999968
scaling,20,0.02,False,2,False,False,0,0.0,0.0,,27.44491600000032
scaling,20,0.02,False,3,True,True,1,1.0,0.0,0.0,47.47462499999955
scaling,20,0.02,False,4,True,True,3,1.0,1.0,14.0,47.693040999998715
scaling,20,0.02,False,5,True,True,1,1.0,0.0,46.0,46.06004200000058
scaling,20,0.02,False,6,False,False,0,0.0,0.0,,26.1862079999986
scaling,20,0.02,False,7,True,True,1,1.0,0.0,36.0,46.84704199999956
scaling,20,0.02,False,8,False,False,0,0.0,0.0,,27.848084000000384
scaling,20,0.02,False,9,False,False,0,0.0,0.0,,26.202374999998668
scaling,20,0.02,False,10,True,True,3,1.0,1.0,8.5,45.1135830000009
scaling,20,0.02,False,11,True,True,1,1.0,0.0,13.0,45.70333300000051
scaling,20,0.02,False,12,False,False,0,0.0,0.0,,27.290999999999954
scaling,20,0.02,False,13,False,False,0,0.0,0.0,,27.59749999999883
scaling,20,0.02,False,14,True,True,1,1.0,0.0,14.0,45.082750000000615
scaling,20,0.02,True,0,False,,0,0.0,0.0,,25.419790999999137
scaling,20,0.02,True,1,False,,0,0.0,0.0,,25.12816700000009
scaling,20,0.02,True,2,False,,0,0.0,0.0,,27.331207999999663
scaling,20,0.02,True,3,False,,0,0.0,0.0,,26.249416000000636
scaling,20,0.02,True,4,False,,0,0.0,0.0,,25.906457999999688
scaling,20,0.02,True,5,False,,0,0.0,0.0,,25.462791999999013
scaling,20,0.02,True,6,False,,0,0.0,0.0,,27.073625000001655
scaling,20,0.02,True,7,False,,0,0.0,0.0,,25.837207999998668
scaling,20,0.02,True,8,False,,0,0.0,0.0,,26.331875000000338
scaling,20,0.02,True,9,False,,0,0.0,0.0,,25.768209000000653
scaling,20,0.05,False,0,True,True,2,1.0,1.0,11.0,48.27616699999915
scaling,20,0.05,False,1,True,True,2,1.0,1.0,28.5,46.11408400000094
scaling,20,0.05,False,2,True,True,3,1.0,1.0,32.0,47.53270800000031
scaling,20,0.05,False,3,True,True,2,1.0,1.0,18.0,46.65808399999882
scaling,20,0.05,False,4,True,True,2,1.0,1.0,5.5,46.52999999999885
scaling,20,0.05,False,5,True,True,3,1.0,1.0,5.0,44.919667000000274
scaling,20,0.05,False,6,True,True,1,1.0,0.0,12.0,48.79570900000019
scaling,20,0.05,False,7,True,True,2,1.0,1.0,2.5,46.15879199999995
scaling,20,0.05,False,8,True,True,3,1.0,1.0,25.0,45.73783300000045
scaling,20,0.05,False,9,True,True,2,1.0,1.0,9.0,46.33170799999853
scaling,20,0.05,False,10,True,True,4,1.0,1.0,9.0,46.4890829999991
scaling,20,0.05,False,11,True,True,2,1.0,1.0,29.0,47.096999999999056
scaling,20,0.05,False,12,True,True,3,1.0,1.0,11.0,46.54108400000112
scaling,20,0.05,False,13,True,True,2,1.0,1.0,1.0,47.96095799999911
scaling,20,0.05,False,14,True,True,2,1.0,1.0,13.0,46.4068330000007
scaling,20,0.05,True,0,False,,0,0.0,0.0,,26.775416999999635
scaling,20,0.05,True,1,False,,0,0.0,0.0,,26.847583999998648
scaling,20,0.05,True,2,False,,0,0.0,0.0,,26.375082999999577
scaling,20,0.05,True,3,False,,0,0.0,0.0,,27.075458000000552
scaling,20,0.05,True,4,False,,0,0.0,0.0,,27.658999999999878
scaling,20,0.05,True,5,False,,0,0.0,0.0,,26.530041000000892
scaling,20,0.05,True,6,False,,0,0.0,0.0,,25.855458000000553
scaling,20,0.05,True,7,False,,0,0.0,0.0,,26.780416999999446
scaling,20,0.05,True,8,False,,0,0.0,0.0,,26.766207999999736
scaling,20,0.05,True,9,False,,0,0.0,0.0,,27.22170800000079
scaling,50,0.02,False,0,True,True,1,1.0,0.0,24.0,151.03395800000106
scaling,50,0.02,False,1,True,True,2,1.0,1.0,23.0,148.02454099999983
scaling,50,0.02,False,2,True,True,1,1.0,0.0,22.0,151.18595799999923
scaling,50,0.02,False,3,True,True,2,1.0,0.0,10.0,147.35362499999738
scaling,50,0.02,False,4,True,True,1,1.0,0.0,8.0,149.57662500000168
scaling,50,0.02,False,5,True,True,2,1.0,0.0,32.0,146.45283300000145
scaling,50,0.02,False,6,True,True,2,1.0,1.0,14.5,142.77558300000237
scaling,50,0.02,False,7,False,False,0,0.0,0.0,,92.97916699999931
scaling,50,0.02,False,8,False,False,0,0.0,0.0,,88.31141599999981
scaling,50,0.02,False,9,True,True,1,1.0,0.0,28.0,151.08908299999868
scaling,50,0.02,False,10,True,True,2,1.0,1.0,31.0,139.44100000000148
scaling,50,0.02,False,11,False,False,0,0.0,0.0,,87.89645799999946
scaling,50,0.02,False,12,False,False,0,0.0,0.0,,92.84850000000233
scaling,50,0.02,False,13,True,True,1,1.0,0.0,12.0,150.0876670000011
scaling,50,0.02,False,14,True,True,1,1.0,0.0,17.0,145.88008399999808
scaling,50,0.02,True,0,False,,0,0.0,0.0,,89.1618749999985
scaling,50,0.02,True,1,False,,0,0.0,0.0,,85.95112500000113
scaling,50,0.02,True,2,False,,0,0.0,0.0,,89.0481670000014
scaling,50,0.02,True,3,False,,0,0.0,0.0,,90.82529200000167
scaling,50,0.02,True,4,False,,0,0.0,0.0,,93.3829579999994
scaling,50,0.02,True,5,False,,0,0.0,0.0,,89.21475000000001
scaling,50,0.02,True,6,False,,0,0.0,0.0,,91.60337499999827
scaling,50,0.02,True,7,False,,0,0.0,0.0,,89.78245800000195
scaling,50,0.02,True,8,False,,0,0.0,0.0,,96.16179200000019
scaling,50,0.02,True,9,False,,0,0.0,0.0,,92.43387500000111
scaling,50,0.05,False,0,True,True,3,1.0,1.0,5.0,155.38295800000057
scaling,50,0.05,False,1,True,True,3,1.0,1.0,4.5,158.9504589999997
scaling,50,0.05,False,2,True,True,1,1.0,0.0,22.0,157.54945800000186
scaling,50,0.05,False,3,True,True,3,1.0,1.0,4.5,154.55383400000144
scaling,50,0.05,False,4,True,True,4,1.0,1.0,10.5,152.1313329999998
scaling,50,0.05,False,5,True,True,2,1.0,1.0,12.0,158.92433399999817
scaling,50,0.05,False,6,True,True,2,1.0,1.0,1.0,157.47354200000174
scaling,50,0.05,False,7,True,True,2,1.0,1.0,26.0,153.80783299999834
scaling,50,0.05,False,8,True,True,3,1.0,1.0,6.0,161.82845799999868
scaling,50,0.05,False,9,True,True,4,1.0,1.0,18.5,154.15845800000127
scaling,50,0.05,False,10,True,True,3,1.0,1.0,7.0,157.83462499999956
scaling,50,0.05,False,11,True,True,2,1.0,1.0,20.5,159.31299999999737
scaling,50,0.05,False,12,True,True,1,1.0,0.0,58.0,162.49208300000006
scaling,50,0.05,False,13,True,True,2,1.0,1.0,9.0,155.41841699999992
scaling,50,0.05,False,14,True,True,2,1.0,1.0,27.0,160.35366700000253
scaling,50,0.05,True,0,False,,0,0.0,0.0,,100.17729200000147
scaling,50,0.05,True,1,False,,0,0.0,0.0,,97.9738339999976
scaling,50,0.05,True,2,False,,0,0.0,0.0,,93.62245799999869
scaling,50,0.05,True,3,False,,0,0.0,0.0,,96.51370799999981
scaling,50,0.05,True,4,False,,0,0.0,0.0,,98.83579199999915
scaling,50,0.05,True,5,False,,0,0.0,0.0,,98.67041600000093
scaling,50,0.05,True,6,False,,0,0.0,0.0,,94.6188329999984
scaling,50,0.05,True,7,False,,0,0.0,0.0,,94.32491700000156
scaling,50,0.05,True,8,True,,1,0.0,0.0,,163.30837499999973
scaling,50,0.05,True,9,False,,0,0.0,0.0,,94.82108299999936
scaling,100,0.02,False,0,True,True,1,1.0,0.0,26.0,569.1463750000025
scaling,100,0.02,False,2,False,False,0,0.0,0.0,,363.7662499999976
scaling,100,0.02,False,1,True,True,1,1.0,0.0,12.0,552.3308749999991
scaling,100,0.02,False,3,False,False,0,0.0,0.0,,346.0719170000033
scaling,100,0.02,False,4,False,False,0,0.0,0.0,,365.9544579999974
scaling,100,0.02,False,5,True,True,1,1.0,0.0,2.0,581.8686250000055
scaling,100,0.02,False,6,True,True,1,1.0,0.0,18.0,581.9740829999987
scaling,100,0.02,False,7,False,False,0,0.0,0.0,,350.08424999999477
scaling,100,0.02,False,8,False,False,0,0.0,0.0,,366.1180829999964
scaling,100,0.02,False,9,False,False,0,0.0,0.0,,374.2872080000055
scaling,100,0.02,False,10,False,False,0,0.0,0.0,,359.8162500000015
scaling,100,0.02,False,11,True,True,1,1.0,0.0,6.0,600.0759589999944
scaling,100,0.02,False,12,True,True,2,1.0,1.0,60.5,558.6931249999977
scaling,100,0.02,False,13,False,False,0,0.0,0.0,,364.8588749999959
scaling,100,0.02,False,14,False,False,0,0.0,0.0,,343.43708299999776
scaling,100,0.02,True,0,False,,0,0.0,0.0,,347.57437500000066
scaling,100,0.02,True,1,False,,0,0.0,0.0,,356.0310419999979
scaling,100,0.02,True,2,False,,0,0.0,0.0,,340.95299999999895
scaling,100,0.02,True,3,False,,0,0.0,0.0,,350.8664579999987
scaling,100,0.02,True,4,False,,0,0.0,0.0,,352.967833000001
scaling,100,0.02,True,5,False,,0,0.0,0.0,,352.39520799999724
scaling,100,0.02,True,6,False,,0,0.0,0.0,,358.0362920000013
scaling,100,0.02,True,7,False,,0,0.0,0.0,,353.65187499999706
scaling,100,0.02,True,8,False,,0,0.0,0.0,,344.88654100000105
scaling,100,0.02,True,9,False,,0,0.0,0.0,,345.431375000004
scaling,100,0.05,False,0,True,True,1,1.0,0.0,12.0,622.5916670000017
scaling,100,0.05,False,1,True,True,2,1.0,1.0,31.0,616.7362919999988
scaling,100,0.05,False,2,True,True,3,1.0,1.0,4.0,663.6616669999995
scaling,100,0.05,False,3,True,True,2,1.0,1.0,4.0,651.5359169999967
scaling,100,0.05,False,4,True,True,4,1.0,1.0,3.5,580.873750000002
scaling,100,0.05,False,5,True,True,2,1.0,1.0,11.0,602.5505830000029
scaling,100,0.05,False,6,True,True,1,1.0,0.0,53.0,602.7330000000006
scaling,100,0.05,False,7,True,True,1,1.0,0.0,14.0,617.4556660000051
scaling,100,0.05,False,8,True,True,2,1.0,1.0,5.0,599.1498750000019
scaling,100,0.05,False,9,True,True,2,1.0,1.0,10.0,597.8744159999962
scaling,100,0.05,False,10,True,True,4,1.0,1.0,8.0,569.8703329999972
scaling,100,0.05,False,11,True,True,2,1.0,1.0,14.5,605.1745409999967
scaling,100,0.05,False,12,True,True,2,1.0,1.0,37.0,599.3538749999984
scaling,100,0.05,False,13,True,True,2,1.0,0.0,55.5,596.7368749999978
scaling,100,0.05,False,14,True,True,1,1.0,0.0,6.0,593.1183750000031
scaling,100,0.05,True,0,False,,0,0.0,0.0,,374.0684590000001
scaling,100,0.05,True,1,False,,0,0.0,0.0,,375.9475419999987
scaling,100,0.05,True,2,False,,0,0.0,0.0,,354.63120900000433
scaling,100,0.05,True,3,False,,0,0.0,0.0,,373.23633300000125
scaling,100,0.05,True,4,False,,0,0.0,0.0,,365.2954580000056
scaling,100,0.05,True,5,False,,0,0.0,0.0,,384.27437500000394
scaling,100,0.05,True,6,False,,0,0.0,0.0,,386.47562500000276
scaling,100,0.05,True,7,False,,0,0.0,0.0,,365.8997080000006
scaling,100,0.05,True,8,False,,0,0.0,0.0,,359.1907090000035
scaling,100,0.05,True,9,False,,0,0.0,0.0,,363.1850420000049
