Dimension,Scenario,Method,N_Datasets,Is_Null,Power_Pct,FPR_Pct,MAE_Codons,Exact_Pct,Within_1Codon_Pct,Within_3Codon_Pct,Taxon_Accuracy_Pct,Runtime_ms
Dimension D: Topological Difficulty,deep_inter_clade,rhizaeon_embed_contextual,50,False,100.0,,3.88,22.0,38.0,56.00000000000001,100.0,703.8527699599974
Dimension D: Topological Difficulty,deep_inter_clade,rhizaeon_embed_static,50,False,100.0,,4.42,22.0,38.0,60.0,100.0,103.27829006000478
Dimension D: Topological Difficulty,deep_inter_clade,rhizaeon_scalar,50,False,100.0,,9.22,22.0,36.0,54.0,98.0,74.31196588000428
Dimension D: Topological Difficulty,deep_inter_clade,three_seq,50,False,6.0,,0.6666666666666666,2.0,6.0,6.0,2.0,160.91613422000623
Dimension B: Divergence Spectrum,div_deep,rhizaeon_embed_contextual,50,False,98.0,,2.7346938775510203,24.0,57.99999999999999,76.0,98.0,457.02534588000054
Dimension B: Divergence Spectrum,div_deep,rhizaeon_embed_static,50,False,98.0,,2.6122448979591835,26.0,60.0,78.0,98.0,59.798886759998915
Dimension B: Divergence Spectrum,div_deep,rhizaeon_scalar,50,False,100.0,,1.78,28.000000000000004,66.0,84.0,100.0,40.65570498000206
Dimension B: Divergence Spectrum,div_deep,three_seq,50,False,0.0,,,0.0,0.0,0.0,0.0,135.40868585999803
Dimension B: Divergence Spectrum,div_medium,rhizaeon_embed_contextual,50,False,100.0,,4.32,14.000000000000002,30.0,52.0,100.0,456.49421252000167
Dimension B: Divergence Spectrum,div_medium,rhizaeon_embed_static,50,False,100.0,,4.5,16.0,32.0,54.0,100.0,59.24465747999643
Dimension B: Divergence Spectrum,div_medium,rhizaeon_scalar,50,False,100.0,,3.78,20.0,36.0,54.0,100.0,43.64175838000208
Dimension B: Divergence Spectrum,div_medium,three_seq,50,False,8.0,,1.0,4.0,4.0,8.0,4.0,93.26369675999956
Dimension B: Divergence Spectrum,div_shallow,rhizaeon_embed_contextual,50,False,0.0,,,0.0,0.0,0.0,0.0,444.1270208000047
Dimension B: Divergence Spectrum,div_shallow,rhizaeon_embed_static,50,False,0.0,,,0.0,0.0,0.0,0.0,44.37684997999905
Dimension B: Divergence Spectrum,div_shallow,rhizaeon_scalar,50,False,98.0,,41.08163265306123,2.0,2.0,16.0,74.0,55.47611664000067
Dimension B: Divergence Spectrum,div_shallow,three_seq,50,False,78.0,,15.435897435897436,0.0,4.0,18.0,48.0,50.86287914000047
Dimension B: Divergence Spectrum,div_ultra_deep,rhizaeon_embed_contextual,50,False,84.0,,1.8095238095238095,28.000000000000004,44.0,72.0,84.0,454.78558169999786
Dimension B: Divergence Spectrum,div_ultra_deep,rhizaeon_embed_static,50,False,84.0,,1.7380952380952381,30.0,46.0,74.0,84.0,57.746056619999635
Dimension B: Divergence Spectrum,div_ultra_deep,rhizaeon_scalar,50,False,100.0,,1.92,34.0,62.0,88.0,100.0,40.69860751999724
Dimension B: Divergence Spectrum,div_ultra_deep,three_seq,50,False,6.0,,2.6666666666666665,0.0,2.0,4.0,0.0,157.70820413999994
Dimension B: Divergence Spectrum,div_ultra_shallow,rhizaeon_embed_contextual,50,False,0.0,,,0.0,0.0,0.0,0.0,431.90560744000226
Dimension B: Divergence Spectrum,div_ultra_shallow,rhizaeon_embed_static,50,False,0.0,,,0.0,0.0,0.0,0.0,43.37628328000018
Dimension B: Divergence Spectrum,div_ultra_shallow,rhizaeon_scalar,50,False,4.0,,125.5,0.0,0.0,0.0,2.0,24.384703279998785
Dimension B: Divergence Spectrum,div_ultra_shallow,three_seq,50,False,0.0,,,0.0,0.0,0.0,0.0,30.204826679998956
Dimension C: Tract Architecture,double_cassette,rhizaeon_embed_contextual,50,False,100.0,,1.44,40.0,70.0,86.0,100.0,505.95450584000156
Dimension C: Tract Architecture,double_cassette,rhizaeon_embed_static,50,False,100.0,,1.24,38.0,72.0,90.0,100.0,77.78333252000103
Dimension C: Tract Architecture,double_cassette,rhizaeon_scalar,50,False,100.0,,1.56,38.0,68.0,80.0,100.0,57.37685748000274
Dimension C: Tract Architecture,double_cassette,three_seq,50,False,8.0,,1.75,2.0,4.0,6.0,2.0,99.86524828000108
Dimension D: Topological Difficulty,ghost_donor_close,rhizaeon_embed_contextual,50,False,100.0,,4.44,12.0,28.000000000000004,64.0,100.0,696.5262382799957
Dimension D: Topological Difficulty,ghost_donor_close,rhizaeon_embed_static,50,False,100.0,,4.52,12.0,28.000000000000004,66.0,100.0,107.68196676000507
Dimension D: Topological Difficulty,ghost_donor_close,rhizaeon_scalar,50,False,98.0,,4.0,14.000000000000002,32.0,60.0,96.0,81.93231583999061
Dimension D: Topological Difficulty,ghost_donor_close,three_seq,50,False,14.000000000000002,,16.428571428571427,6.0,6.0,12.0,0.0,153.11758504000005
Dimension D: Topological Difficulty,ghost_donor_distant,rhizaeon_embed_contextual,50,False,48.0,,5.041666666666667,12.0,20.0,30.0,26.0,449.3996333199924
Dimension D: Topological Difficulty,ghost_donor_distant,rhizaeon_embed_static,50,False,42.0,,5.571428571428571,12.0,18.0,26.0,24.0,52.238073399993574
Dimension D: Topological Difficulty,ghost_donor_distant,rhizaeon_scalar,50,False,80.0,,10.975,14.000000000000002,30.0,44.0,62.0,38.85830919999803
Dimension D: Topological Difficulty,ghost_donor_distant,three_seq,50,False,10.0,,2.0,2.0,4.0,8.0,4.0,126.77778907999021
Dimension A: Null Controls,null_homogeneous,rhizaeon_embed_contextual,50,True,,4.0,,,,,96.0,468.63417758
Dimension A: Null Controls,null_homogeneous,rhizaeon_embed_static,50,True,,0.0,,,,,100.0,44.26529257999994
Dimension A: Null Controls,null_homogeneous,rhizaeon_scalar,50,True,,18.0,,,,,82.0,25.39360833999994
Dimension A: Null Controls,null_homogeneous,three_seq,50,True,,2.0,,,,,98.0,84.57362666000013
Dimension A: Null Controls,null_selection,rhizaeon_embed_contextual,50,True,,0.0,,,,,100.0,431.76887748000166
Dimension A: Null Controls,null_selection,rhizaeon_embed_static,50,True,,0.0,,,,,100.0,44.80701587999974
Dimension A: Null Controls,null_selection,rhizaeon_scalar,50,True,,10.0,,,,,90.0,27.30144410000002
Dimension A: Null Controls,null_selection,three_seq,50,True,,0.0,,,,,100.0,88.54289239999953
Dimension A: Null Controls,null_srv_mild,rhizaeon_embed_contextual,50,True,,10.0,,,,,90.0,441.2415008400001
Dimension A: Null Controls,null_srv_mild,rhizaeon_embed_static,50,True,,4.0,,,,,96.0,44.57209915999908
Dimension A: Null Controls,null_srv_mild,rhizaeon_scalar,50,True,,20.0,,,,,80.0,27.50305166000013
Dimension A: Null Controls,null_srv_mild,three_seq,50,True,,4.0,,,,,96.0,85.47887840000027
Dimension A: Null Controls,null_srv_strong,rhizaeon_embed_contextual,50,True,,0.0,,,,,100.0,453.31337170000035
Dimension A: Null Controls,null_srv_strong,rhizaeon_embed_static,50,True,,2.0,,,,,98.0,44.98482910000034
Dimension A: Null Controls,null_srv_strong,rhizaeon_scalar,50,True,,18.0,,,,,82.0,27.73127917999847
Dimension A: Null Controls,null_srv_strong,three_seq,50,True,,0.0,,,,,100.0,90.44325593999844
Dimension C: Tract Architecture,quad_mosaic,rhizaeon_embed_contextual,50,False,100.0,,0.82,46.0,82.0,98.0,100.0,520.0503951200023
Dimension C: Tract Architecture,quad_mosaic,rhizaeon_embed_static,50,False,100.0,,0.8,50.0,82.0,96.0,100.0,82.88446580000976
Dimension C: Tract Architecture,quad_mosaic,rhizaeon_scalar,50,False,100.0,,0.64,50.0,90.0,100.0,100.0,65.85203414000596
Dimension C: Tract Architecture,quad_mosaic,three_seq,50,False,28.000000000000004,,0.6428571428571429,16.0,22.0,28.000000000000004,8.0,98.15494331999922
Dimension D: Topological Difficulty,subtle_intra_clade,rhizaeon_embed_contextual,50,False,8.0,,173.25,0.0,0.0,0.0,0.0,491.11098510000465
Dimension D: Topological Difficulty,subtle_intra_clade,rhizaeon_embed_static,50,False,6.0,,191.66666666666666,0.0,0.0,0.0,0.0,51.03133830000594
Dimension D: Topological Difficulty,subtle_intra_clade,rhizaeon_scalar,50,False,38.0,,141.68421052631578,0.0,0.0,4.0,4.0,38.59351999999783
Dimension D: Topological Difficulty,subtle_intra_clade,three_seq,50,False,32.0,,14.3125,4.0,6.0,10.0,2.0,98.42211831999172
Dimension C: Tract Architecture,tract_asymmetric_head,rhizaeon_embed_contextual,50,False,100.0,,4.04,10.0,36.0,60.0,98.0,975.8236533999992
Dimension C: Tract Architecture,tract_asymmetric_head,rhizaeon_embed_static,50,False,98.0,,4.63265306122449,14.000000000000002,40.0,60.0,96.0,165.8472124599947
Dimension C: Tract Architecture,tract_asymmetric_head,rhizaeon_scalar,50,False,100.0,,3.42,20.0,40.0,64.0,100.0,123.99021744000116
Dimension C: Tract Architecture,tract_asymmetric_head,three_seq,50,False,34.0,,3.0588235294117645,10.0,14.000000000000002,26.0,14.000000000000002,240.7858841600015
Dimension C: Tract Architecture,tract_asymmetric_tail,rhizaeon_embed_contextual,50,False,100.0,,4.54,18.0,42.0,64.0,100.0,495.5400367000026
Dimension C: Tract Architecture,tract_asymmetric_tail,rhizaeon_embed_static,50,False,98.0,,4.591836734693878,16.0,42.0,60.0,98.0,68.03800748000124
Dimension C: Tract Architecture,tract_asymmetric_tail,rhizaeon_scalar,50,False,100.0,,3.96,28.000000000000004,50.0,66.0,100.0,49.16154999999961
Dimension C: Tract Architecture,tract_asymmetric_tail,three_seq,50,False,28.000000000000004,,3.357142857142857,6.0,14.000000000000002,18.0,8.0,101.59666328000093
Dimension C: Tract Architecture,tract_micro_30,rhizaeon_embed_contextual,50,False,24.0,,76.0,2.0,2.0,2.0,18.0,456.23878923999615
Dimension C: Tract Architecture,tract_micro_30,rhizaeon_embed_static,50,False,20.0,,79.8,0.0,0.0,0.0,14.000000000000002,49.99898250000385
Dimension C: Tract Architecture,tract_micro_30,rhizaeon_scalar,50,False,24.0,,66.33333333333333,0.0,0.0,2.0,12.0,35.75169001999995
Dimension C: Tract Architecture,tract_micro_30,three_seq,50,False,60.0,,1.3666666666666667,14.000000000000002,46.0,57.99999999999999,50.0,92.72788918000232
Dimension C: Tract Architecture,tract_short_60,rhizaeon_embed_contextual,50,False,98.0,,5.469387755102041,18.0,30.0,40.0,98.0,467.5511067600024
Dimension C: Tract Architecture,tract_short_60,rhizaeon_embed_static,50,False,98.0,,5.6938775510204085,18.0,26.0,38.0,98.0,65.44277082000725
Dimension C: Tract Architecture,tract_short_60,rhizaeon_scalar,50,False,98.0,,4.775510204081633,18.0,32.0,48.0,98.0,50.5350934000004
Dimension C: Tract Architecture,tract_short_60,three_seq,50,False,54.0,,1.4444444444444444,20.0,38.0,46.0,32.0,93.3222042600012
Dimension C: Tract Architecture,triple_mosaic,rhizaeon_embed_contextual,50,False,100.0,,1.3,46.0,72.0,90.0,100.0,508.24679991999244
Dimension C: Tract Architecture,triple_mosaic,rhizaeon_embed_static,50,False,100.0,,1.3,44.0,72.0,92.0,100.0,77.44442911999133
Dimension C: Tract Architecture,triple_mosaic,rhizaeon_scalar,50,False,100.0,,1.04,46.0,76.0,94.0,100.0,61.49474422000427
Dimension C: Tract Architecture,triple_mosaic,three_seq,50,False,10.0,,5.2,2.0,2.0,2.0,0.0,100.51095255999645
