recombinant_node,recombinant_lineage,rivet_bp1_interval,rivet_bp2_interval,rivet_3seq_p,informative_sites_count,rhizaeon_detected,rhizaeon_num_bps,rhizaeon_bps,rhizaeon_concordant,rhizaeon_min_dist_to_interval,rhizaeon_runtime_ms,three_seq_detected,three_seq_p,three_seq_runtime_ms
node_100454,B.1.1,"(5648,6613)","(21974,22812)",0.00554696,21,False,0,,False,inf,5.125833000000135,False,0.005546956323,47.7859589999996
node_100471,B.1.1,"(6319,12778)","(29903,29903)",0.0100373,18,False,0,,False,inf,4.980125000000335,False,1.0,40.5016250000001
node_100611,B.1.1,"(14676,16176)","(28111,28977)",0.0333333,10,False,0,,False,inf,3.3093329999998033,False,1.0,41.51087499999928
node_100677,B.1.1,"(21618,22917)","(28111,28461)",0.000386997,20,True,1,22266,True,0.0,10.160208999999476,True,0.000386996951,39.58674999999978
node_100697,B.1.1,"(15279,23271)","(29903,29903)",0.0476191,9,False,0,,False,inf,2.684207999999799,False,1.0,40.42233299999953
node_100720,B.1.1,"(913,3267)","(23271,24914)",0.0151515,11,False,0,,False,inf,3.7749580000001615,False,1.0,39.89779200000054
node_100808,B.1.1,"(23012,24914)","(29903,29903)",0.0196078,18,True,1,23620,True,0.0,7.483625000000771,True,0.004901961423,37.362667000000016
node_100830,B.1.1,"(5388,15279)","(28111,28881)",0.00757576,12,False,0,,False,inf,3.089540999999585,False,0.007575758267,37.9358329999997
node_100991,B.1.1,"(913,3267)","(23271,23604)",0.0151515,11,False,0,,False,inf,3.7240829999998226,False,1.0,51.81391700000049
node_101012,B.1.1,"(24138,25413)","(29903,29903)",0.00619195,20,True,1,24820,True,0.0,7.032749999999588,False,0.006191951223,36.34612500000056
node_101036,B.1.1,"(22320,25517)","(29903,29903)",0.00490196,18,True,1,24872,True,0.0,4.94558399999967,True,0.004901961423,37.58508299999974
node_101092,B.1.1,"(913,1059)","(16500,23063)",7.14456e-05,20,False,0,,False,inf,4.64337500000056,True,7.1445596e-05,37.78041600000037
node_101126,B.1.1,"(913,3267)","(23709,24506)",0.002997,14,True,1,24106,False,20839.0,4.398333000000143,True,0.002997003263,41.19487499999997
node_1013351,BA.1.1,"(9166,16743)","(21595,22599)",0.0238095,10,False,0,,False,inf,3.0937079999997508,False,1.0,40.006375000000375
node_1013893,BA.1.1,"(22599,25708)","(29903,29903)",0.2,6,False,0,,False,inf,3.703624999999988,False,1.0,41.931124999999625
node_1013894,BA.1.1,"(12781,15483)","(25886,29301)",0.0238095,10,False,0,,False,inf,5.113750000000028,False,1.0,39.863249999999795
node_1033849,BA.1.1,"(28485,28492)","(29903,29903)",0.2,6,False,0,,False,inf,2.3759170000001717,False,1.0,41.477458000000134
node_10606,B.1,"(6040,15279)","(23063,23604)",0.032967,14,False,0,,False,inf,3.711292000000199,False,1.0,447.76016699999934
node_1112783,BA.1.1,"(14940,19879)","(29903,29903)",0.142857,7,False,0,,False,inf,3.1756670000002707,False,1.0,42.274833000000015
node_1128120,B.1.1,"(26951,28854)","(29903,29903)",0.00490196,18,False,0,,False,inf,4.79270800000009,True,0.00163398718,428.7196250000003
node_1130233,P.1,"(26735,28877)","(29903,29903)",0.00793651,28,False,0,,False,inf,5.2189169999996565,True,0.001221001265,41.26879100000025
node_1134243,P.1,"(21974,22211)","(23525,25088)",0.0384615,13,False,0,,False,inf,4.353708000000012,False,1.0,39.71120799999994
node_1136137,P.1,"(22132,23012)","(29903,29903)",0.114286,7,False,0,,False,inf,3.2401670000004046,False,1.0,33.37879099999963
node_1136710,P.1.1,"(3828,12778)","(28048,28111)",0.0333333,10,False,0,,False,inf,3.7234169999997846,False,1.0,37.5597919999997
node_1137393,P.1,"(22812,22917)","(29903,29903)",0.00459652,31,False,0,,False,inf,6.010500000000363,True,0.000888700713,44.19745800000019
node_1138222,P.1,"(592,4988)","(17352,21614)",0.0714286,8,False,0,,False,inf,3.679333000000007,False,1.0,39.785417000000045
node_1138902,B.1.1,"(22812,22917)","(24642,25088)",0.0108696,24,False,0,,False,inf,5.819917000000174,False,1.0,55.64283400000036
node_1140817,B.1.1,"(27925,28869)","(29903,29903)",0.00699301,13,False,0,,False,inf,3.9881660000000707,True,0.004662005231,42.15845800000029
node_1140833,B.1.1,"(16500,22992)","(23271,28879)",0.0454545,12,False,0,,False,inf,2.6630420000000044,False,1.0,43.820334000000294
node_1140834,B.1.1,"(23271,23604)","(24506,25517)",0.0220588,17,False,0,,False,inf,3.6810000000002674,False,1.0,41.01933400000046
node_1141250,B.1.1,"(13860,21614)","(21638,21974)",0.025,16,False,0,,False,inf,4.22195800000047,False,1.0,37.85412499999996
node_1141297,B.1.1.528,"(10456,28877)","(29903,29903)",0.0476191,9,False,0,,False,inf,3.268124999999955,False,1.0,39.79833299999935
node_1141942,B.1,"(16466,23063)","(23709,24914)",0.113553,15,False,0,,False,inf,4.606083999999733,False,1.0,41.99666600000018
node_11420,B.1.177.16,"(9203,15240)","(29903,29903)",0.010989,14,False,0,,False,inf,3.1173330000004995,False,1.0,437.8272500000007
node_1142720,B.1.617.2,"(10029,11332)","(19220,25352)",0.0333333,10,False,0,,False,inf,3.6473749999998972,False,1.0,38.57383300000006
node_1144251,AY.122,"(4891,7483)","(29903,29903)",0.0242424,11,False,0,,False,inf,4.630042000000056,False,1.0,48.06083300000008
node_1145616,AY.122,"(20937,22035)","(29903,29903)",0.00210084,17,True,1,21484,True,0.0,9.213792000000165,True,0.000969618734,46.51087500000006
node_1147788,AY.122,"(241,361)","(18657,29742)",0.0181818,12,False,0,,False,inf,3.8743750000000965,False,1.0,44.29133299999988
node_1150651,AY.122,"(18816,25169)","(29903,29903)",0.0833333,9,False,0,,False,inf,3.423957999999949,False,1.0,38.164167000000134
node_1150652,AY.122,"(18816,20937)","(29903,29903)",0.00407925,13,True,1,19772,True,0.0,6.180540999999984,True,0.004079254344,38.627207999999854
node_1150704,AY.122,"(27527,28562)","(29903,29903)",0.032967,14,False,0,,False,inf,5.365749999999725,False,1.0,38.71149999999979
node_1151047,AY.122,"(18747,19838)","(29903,29903)",0.0333333,10,True,1,19291,True,0.0,6.659207999999861,False,1.0,44.84233300000007
node_1152178,AY.122,"(19911,28001)","(29903,29903)",0.0285714,15,False,0,,False,inf,4.322709000000202,False,1.0,39.44379100000006
node_1152979,AY.122,"(5392,7252)","(18423,19245)",0.00714456,21,False,0,,False,inf,6.731625000000019,False,0.007144558709,39.21445800000001
node_1160065,AY.122,"(4113,14371)","(29903,29903)",0.0238095,10,False,0,,False,inf,3.537584000000038,False,1.0,34.09949999999995
node_1160287,AY.122,"(1438,5608)","(29903,29903)",0.010989,14,False,0,,False,inf,3.98625000000008,False,1.0,36.42704200000013
node_1161443,AY.122,"(241,1824)","(24857,29742)",0.00714286,16,False,0,,False,inf,6.651082999999947,False,0.007142857648,41.81020799999979
node_1162086,AY.122,"(241,1181)","(18969,27527)",0.00757576,12,False,0,,False,inf,3.427083000000053,False,0.007575758267,45.67316699999991
node_1164687,AY.122,"(23191,24904)","(25904,26107)",0.0285714,15,False,0,,False,inf,5.226000000000397,False,1.0,47.98958300000011
node_1164735,AY.122,"(4456,18877)","(21627,26895)",0.142857,7,False,0,,False,inf,3.3565829999999686,False,1.0,35.43375000000015
node_1164801,AY.122,"(16726,19859)","(22021,23557)",0.0384615,13,False,0,,False,inf,5.89512499999989,False,1.0,44.82258299999975
node_1166907,AY.122,"(25352,27527)","(29903,29903)",0.0157895,20,False,0,,False,inf,4.6234999999996695,True,0.003508772235,36.263458000000085
node_116739,B.1.1.7,"(16176,21621)","(22132,22812)",0.00714286,16,False,0,,False,inf,3.4995410000000504,False,0.007142857648,37.37799999999947
node_116743,B.1.1.7,"(22132,23271)","(29903,29903)",0.0833333,9,False,0,,False,inf,3.4467090000003253,False,1.0,39.661291999999904
node_1167749,B.1.617.2,"(12747,15243)","(29903,29903)",0.0333333,10,False,0,,False,inf,5.520791999999997,False,1.0,45.246999999999815
node_1177521,AY.44,"(16726,26107)","(29903,29903)",0.00499501,14,False,0,,False,inf,4.354583000000023,True,0.002997003496,45.78254199999998
node_1178270,AY.44,"(16239,28028)","(29903,29903)",0.107143,8,False,0,,False,inf,3.2061250000001706,False,1.0,36.973875000000156
node_1179919,AY.44,"(27425,27638)","(29903,29903)",0.107143,8,False,0,,False,inf,3.0861250000002727,False,1.0,40.698458000000045
node_1184603,AY.44,"(22227,25096)","(28236,28916)",5.20483e-06,34,True,1,24537,True,0.0,10.656416000000224,True,5.204833e-06,44.695166999999984
node_1186121,AY.44,"(21123,27014)","(29903,29903)",4.42282e-05,21,False,0,,False,inf,4.4242500000000184,True,3.4021712e-05,47.035417000000024
node_1187149,AY.44,"(17122,27985)","(29903,29903)",0.00499501,14,False,0,,False,inf,3.4613749999996557,True,0.002997003496,42.69208400000002
node_1187587,AY.44,"(9274,14014)","(29903,29903)",7.64816e-06,24,True,1,11230,True,0.0,9.042416999999858,True,5.608652e-06,43.98412499999971
node_1187601,AY.44,"(7926,10260)","(29903,29903)",0.000969619,17,True,1,8577,True,0.0,9.180374999999685,True,0.000969618734,36.66849999999977
node_1188334,AY.44,"(11572,28073)","(29903,29903)",0.142857,7,False,0,,False,inf,2.5616249999997898,False,1.0,38.65670900000006
node_1205129,AY.44,"(6040,6638)","(29903,29903)",0.00173913,25,True,1,6338,True,0.0,9.421249999999937,True,0.001739130588,42.79937499999997
node_1212162,AY.44,"(23403,27638)","(29903,29903)",0.0454545,12,True,1,25480,True,0.0,6.361167000000112,False,1.0,37.7894160000003
node_1219267,AY.44,"(7926,11117)","(29903,29903)",0.000969619,17,True,2,8577;9980,True,0.0,11.542166999999992,True,0.000969618734,45.4294169999998
node_1219515,AY.44,"(1900,2147)","(17236,18657)",0.001998,15,True,1,17945,False,15798.0,7.350917000000123,True,0.001998002175,44.22958399999999
node_1219520,AY.44,"(17236,23551)","(29903,29903)",0.0013986,15,False,0,,False,inf,3.9388339999999467,True,0.001243201434,42.394541000000174
node_1220936,B.1.617.2,"(7124,8986)","(19220,27874)",0.0396825,9,False,0,,False,inf,3.2878329999999067,False,1.0,47.93983300000004
node_1220950,B.1.617.2,"(7124,8986)","(25352,27345)",7.56046e-05,25,True,1,8357,True,0.0,9.660832999999869,True,7.5604628e-05,38.20566700000016
node_1247071,AY.103,"(6310,11335)","(25565,28895)",0.114286,7,False,0,,False,inf,2.901208000000377,False,1.0,40.601042000000035
node_1247081,AY.103,"(9678,10029)","(29903,29903)",3.92966e-06,30,True,1,9852,True,0.0,10.799834000000175,True,3.92966e-06,42.25370799999961
node_1247089,AY.103,"(2523,17236)","(27739,27874)",0.0476191,9,False,0,,False,inf,3.58362500000009,False,1.0,33.86770799999983
node_1247092,AY.103,"(24208,25572)","(29903,29903)",0.000806452,32,True,1,24888,True,0.0,11.751166999999896,True,0.000139043404,34.73579199999932
node_1247570,AY.103,"(18486,19645)","(22323,26756)",0.0666667,10,False,0,,False,inf,4.387209000000336,False,1.0,39.15266700000019
node_1248875,AY.103,"(23604,25702)","(29903,29903)",0.012987,22,True,1,24416,True,0.0,7.928917000000091,True,0.002597402781,40.07966699999965
node_1248877,AY.103,"(6652,8986)","(17236,23086)",0.0850966,29,False,0,,False,inf,6.425833000000658,False,1.0,36.448707999999996
node_1263312,AY.103,"(14448,21639)","(29903,29903)",0.0833333,9,False,0,,False,inf,3.38137500000002,False,1.0,45.942791999999955
node_1267954,AY.103,"(17236,24208)","(29903,29903)",0.0833333,9,False,0,,False,inf,3.1224579999999946,False,1.0,44.924916999999894
node_1291795,AY.20,"(10712,19050)","(29903,29903)",0.00137363,16,False,0,,False,inf,3.8536250000000827,True,0.001373626525,39.82220799999992
node_1293482,AY.20,"(18395,21618)","(29903,29903)",0.0333333,10,True,1,19980,True,0.0,6.071667000000058,False,1.0,42.29054100000029
node_1294530,AY.20,"(24872,25132)","(29903,29903)",0.0384615,13,True,1,25000,True,0.0,7.302917000000075,False,1.0,36.831792000000085
node_1295862,AY.20,"(1912,2061)","(29903,29903)",0.010989,14,False,0,,False,inf,3.0125829999998466,False,1.0,45.069959000000104
node_1295872,AY.20,"(174,1741)","(24872,27556)",0.0333333,10,False,0,,False,inf,3.5630410000000445,False,1.0,37.294457999999864
node_1317252,AY.25,"(21897,24904)","(29903,29903)",0.00499501,14,True,2,24316;22438,True,0.0,7.86566699999991,True,0.002997003496,43.619832999999716
node_131800,B.1.1.7,"(17259,21621)","(22132,23709)",0.00793651,28,False,0,,False,inf,5.866791999999954,False,0.007936508395,41.73083299999991
node_1329848,AY.25.1,"(21851,24374)","(27855,29422)",0.000377074,18,True,1,23551,True,0.0,9.475375000000064,True,0.000377073942,34.962124999999844
node_1351616,AY.43,"(6990,7945)","(11152,12651)",0.0175439,19,False,0,,False,inf,6.711917000000067,False,1.0,42.73883300000003
node_1352029,AY.43,"(19955,21618)","(29903,29903)",0.0714286,8,False,0,,False,inf,3.7649159999997295,False,1.0,36.868334000000225
node_1370747,AY.43,"(11332,12525)","(27645,27752)",0.000874126,16,False,0,,False,inf,5.119249999999909,True,0.000874125923,39.50716599999993
node_1372967,AY.106,"(8501,8668)","(10471,12525)",0.0396825,9,False,0,,False,inf,3.213790999999855,False,1.0,41.89383300000004
node_1373022,AY.106,"(26022,27527)","(29903,29903)",0.00225861,23,True,1,26625,True,0.0,7.926250000000135,True,0.000564652844,35.11616599999989
node_1384385,AY.100,"(1473,3456)","(15216,24130)",0.0666667,10,False,0,,False,inf,2.7693330000002625,False,1.0,39.05029099999968
node_1391790,AY.99.2,"(16466,18060)","(29903,29903)",0.179798,12,False,0,,False,inf,5.107790999999917,False,1.0,42.98091699999995
node_1409493,B.1.617.2,"(1059,1666)","(26936,27527)",0.0333333,10,False,0,,False,inf,4.150249999999911,False,1.0,45.81262499999994
node_1415302,AY.124,"(12412,13033)","(13971,15237)",0.0157895,20,False,0,,False,inf,6.088708000000054,False,1.0,43.17199999999977
node_1417635,AY.42,"(26289,27739)","(29543,29772)",0.000560224,36,False,0,,False,inf,5.083458000000096,True,0.000560224173,47.07391700000052
node_1423363,B.1.617.2,"(22225,27527)","(29903,29903)",0.2,6,False,0,,False,inf,2.9377079999997058,False,1.0,38.798583000000164
node_1442209,AY.119,"(12756,18115)","(29903,29903)",0.00699301,13,True,1,15480,True,0.0,7.272667000000066,False,0.006993007846,44.23437500000027
node_1449929,B.1.617.2,"(25513,27549)","(29903,29903)",0.0285714,15,False,0,,False,inf,4.292583999999877,False,1.0,39.663000000000004
node_1453667,AY.3,"(19746,28826)","(29903,29903)",0.114286,7,False,0,,False,inf,2.902749999999621,False,1.0,46.39637500000005
node_1455982,AY.3,"(26021,26681)","(29903,29903)",3.55841e-07,41,True,1,26350,True,0.0,10.179083000000144,True,9.4193e-08,37.89312500000008
node_1459020,AY.3,"(10829,11665)","(21536,22624)",0.0476191,9,False,0,,False,inf,3.018332999999984,False,1.0,41.78129200000002
node_1459601,AY.3,"(18693,21618)","(27752,28916)",0.142857,7,False,0,,False,inf,3.654833000000135,False,1.0,37.86283300000015
node_1478464,AY.3,"(9891,10029)","(27516,28916)",0.0181818,12,False,0,,False,inf,3.2554999999998557,False,1.0,44.99808299999985
node_1501954,AY.39,"(3686,17236)","(27604,28881)",0.0476191,9,False,0,,False,inf,3.4393340000002937,False,1.0,48.54545799999998
node_1502676,B.1.617.2,"(11514,14030)","(29903,29903)",0.0714286,8,False,0,,False,inf,4.002625000000037,False,1.0,37.949790999999955
node_1502716,B.1.617.2,"(19220,27657)","(29903,29903)",0.012987,22,False,0,,False,inf,3.6551250000003144,True,0.002597402781,40.07024999999986
node_1502720,B.1.617.2,"(16049,24700)","(29903,29903)",0.0714286,8,False,0,,False,inf,2.4620420000003307,False,1.0,42.356917000000216
node_1502802,B.1.617.2,"(11418,12778)","(29903,29903)",5.58811e-07,28,True,1,11948,True,0.0,9.738459000000255,True,4.27326e-07,47.008582999999774
node_151123,B.1.1.7,"(28095,28280)","(29903,29903)",0.00070028,18,False,0,,False,inf,4.682750000000624,True,0.000377073971,35.46958300000025
node_151128,B.1.1.7,"(26250,28280)","(29903,29903)",0.0476191,9,False,0,,False,inf,2.345125000000614,False,1.0,35.71504100000045
node_1515202,AY.4,"(5183,7488)","(29903,29903)",0.0714286,8,False,0,,False,inf,3.5704579999999986,False,1.0,41.61845799999986
node_1518101,AY.4,"(17391,21516)","(26527,27741)",0.0113636,16,False,0,,False,inf,4.580750000000133,False,1.0,38.45950000000009
node_151894,B.1.1.7,"(241,878)","(25135,28881)",0.0238095,10,False,0,,False,inf,3.993125000000042,False,1.0,40.62749999999937
node_1521441,AY.4.7,"(26416,28291)","(29903,29903)",0.0181818,12,False,0,,False,inf,3.6588340000003328,False,1.0,47.50958400000016
node_1525209,AY.4,"(14322,20930)","(25003,28242)",0.0666667,10,False,0,,False,inf,4.794957999999738,False,1.0,40.891750000000116
node_1537598,AY.4,"(8299,11620)","(29903,29903)",0.002331,14,True,1,10924,True,0.0,7.986625000000025,True,0.002331002383,36.00791599999997
node_1540387,AY.4.5,"(5869,7252)","(23943,27493)",0.0130899,17,False,0,,False,inf,5.50308399999988,False,1.0,43.91612499999997
node_1545693,AY.4,"(21342,24583)","(29903,29903)",0.0454545,12,True,1,22035,True,0.0,7.641416999999873,False,1.0,41.13608300000004
node_1586124,AY.4.2.2,"(4237,8299)","(29903,29903)",0.00714286,16,True,1,6230,True,0.0,7.970916000000106,False,0.007142857648,43.61758300000007
node_1598848,AY.4.2,"(22227,25549)","(29903,29903)",0.0181818,12,True,1,24764,True,0.0,7.591500000000195,False,1.0,39.34620799999999
node_1598849,AY.4.2,"(8208,15192)","(29903,29903)",0.0333333,10,False,0,,False,inf,3.695959000000304,False,1.0,37.705499999999944
node_1613496,AY.4,"(9802,10870)","(29903,29903)",0.0013986,15,True,1,10334,True,0.0,7.015500000000063,True,0.001398601686,43.41245899999979
node_1624092,AY.4,"(19374,22713)","(29903,29903)",0.00499501,14,True,1,20051,True,0.0,8.071375000000103,True,0.002997003496,44.06900000000036
node_1624204,AY.4,"(11365,12718)","(17040,27566)",0.0545455,11,False,0,,False,inf,3.7245830000003366,False,1.0,44.54374999999988
node_1651022,AY.4,"(3809,4237)","(26151,26586)",0.00197628,24,False,0,,False,inf,5.6777079999998925,True,0.001976284897,41.249000000000095
node_1655486,AY.4,"(3784,6473)","(29903,29903)",0.0396825,9,False,0,,False,inf,3.5392080000002935,False,1.0,39.90270800000006
node_1659376,AY.4,"(4237,4420)","(9165,13210)",0.114286,7,False,0,,False,inf,3.690082999999955,False,1.0,42.05012500000027
node_1660559,AY.4,"(1758,4444)","(6573,7851)",0.0142857,21,False,0,,False,inf,7.38525000000001,False,1.0,41.20354199999987
node_1669586,AY.4,"(15952,18585)","(29903,29903)",0.0476191,9,False,0,,False,inf,3.946500000000075,False,1.0,45.21350000000002
node_1680144,AY.5,"(15237,23718)","(29903,29903)",0.002331,14,False,0,,False,inf,3.445667000000263,True,0.002331002383,41.99716699999989
node_1686277,AY.120,"(7851,21714)","(29903,29903)",0.0333333,10,False,0,,False,inf,3.6357080000000153,False,1.0,48.15775000000011
node_1690305,B.1.617.2,"(5512,7851)","(20663,28086)",0.0238095,10,False,0,,False,inf,4.639875000000071,False,1.0,42.016917000000205
node_1692065,B.1.617.2,"(5584,6402)","(29903,29903)",0.00499501,14,True,1,5992,True,0.0,6.105458000000397,True,0.004995005671,36.37091700000017
node_1692096,B.1.617.2,"(241,8986)","(22995,25469)",0.0242424,11,False,0,,False,inf,3.358500000000042,False,1.0,44.62849999999996
node_1692332,B.1.617.2,"(9053,11201)","(22227,27874)",0.0396825,9,False,0,,False,inf,3.855000000000164,False,1.0,43.6995419999997
node_1692650,B.1.617.2,"(8986,11201)","(22917,27874)",0.142857,7,False,0,,False,inf,5.0298749999999615,False,1.0,35.83650000000027
node_1692759,B.1.617.2,"(11201,11332)","(29903,29903)",0.18254,10,False,0,,False,inf,4.545500000000757,False,1.0,43.907499999999544
node_1692840,AY.47,"(5164,6402)","(11332,13019)",0.0666667,10,False,0,,False,inf,4.511167000000427,False,1.0,36.71562500000025
node_1692881,AY.47,"(7124,8986)","(29903,29903)",4.05392e-06,27,True,1,8357,True,0.0,9.168582999999675,True,4.053918e-06,41.840667000000224
node_1696312,AY.47,"(5584,6402)","(19220,27874)",0.0181818,12,False,0,,False,inf,3.1997500000002788,False,1.0,47.342791999999804
node_1705071,AY.9.2,"(4181,5184)","(29903,29903)",0.000437685,39,True,1,4681,True,0.0,10.9876670000002,True,0.000437684677,42.46420799999973
node_1710258,AY.26,"(27345,27718)","(29903,29903)",0.0241657,32,False,0,,False,inf,5.684207999999913,True,0.003476084908,37.13629200000001
node_1713018,AY.26,"(6310,13019)","(21536,24783)",0.0181818,12,False,0,,False,inf,3.7903750000003456,False,1.0,40.941040999999956
node_1714058,AY.26,"(13019,21618)","(29903,29903)",0.0013986,15,False,0,,False,inf,3.5310420000000953,True,0.001398601686,48.964291999999965
node_1715165,AY.26,"(22227,27638)","(29903,29903)",0.142857,7,False,0,,False,inf,3.0902080000001497,False,1.0,39.89408300000008
node_1720662,AY.75,"(3267,5184)","(29903,29903)",1.17849e-05,58,True,1,4581,True,0.0,11.141041999999324,True,1.1784949e-05,42.82637500000064
node_1723839,AY.75,"(27112,27874)","(29903,29903)",0.0384615,13,False,0,,False,inf,3.482333000000004,False,1.0,39.90604200000014
node_1723844,AY.75,"(22227,23575)","(28895,29738)",0.000916185,28,True,1,22902,True,0.0,10.911333000000134,True,0.000916185323,45.138874999999686
node_1723854,AY.75,"(22227,24319)","(29903,29903)",8.55652e-07,32,True,1,22852,True,0.0,9.303709000000104,True,3.56522e-07,42.568167000000216
node_1723921,AY.75,"(5184,5584)","(13019,19220)",0.00181789,20,False,0,,False,inf,5.142499999999828,True,0.001817893353,37.329083000000374
node_1725440,AY.67,"(10323,22227)","(29903,29903)",0.142857,7,False,0,,False,inf,3.5194170000005798,False,1.0,36.76237499999946
node_1726470,AY.13,"(19176,27638)","(29903,29903)",0.142857,7,False,0,,False,inf,2.3190419999998824,False,1.0,38.271667000000065
node_1728300,AY.8,"(2618,11455)","(29903,29903)",0.00499501,14,False,0,,False,inf,3.5713749999999322,True,0.004995005671,36.78637499999926
node_1738694,B.1.617.2,"(22458,23401)","(26526,27874)",0.00645161,31,True,1,22928,True,0.0,9.20141600000024,False,0.00645161327,43.95441600000005
node_1738985,B.1.617.2,"(6402,7124)","(28461,28916)",0.000395257,25,False,0,,False,inf,4.548917000000152,True,0.000395256997,47.41179200000012
node_1739382,B.1,"(16466,19220)","(29903,29903)",0.0238095,10,True,1,17097,True,0.0,7.309042000000154,False,1.0,39.32829100000035
node_1749755,B.1.429,"(28687,28881)","(29903,29903)",0.003663,15,False,0,,False,inf,3.2584580000003527,True,0.001998002175,42.933375000000495
node_1749916,B.1.429,"(21304,21600)","(26681,27890)",4.9603e-07,31,True,1,21450,True,0.0,8.61050000000052,True,4.9603e-07,411.68291700000026
node_1751399,B.1.429,"(28472,28723)","(29903,29903)",0.000182448,30,False,0,,False,inf,6.157957999999297,True,4.2103497e-05,41.30125000000007
node_175314,B.1.1.7,"(10870,21766)","(22987,24904)",0.013986,13,False,0,,False,inf,4.71679199999997,False,1.0,443.1701669999999
node_1757481,B.1.355,"(7831,25907)","(29903,29903)",0.0714286,8,False,0,,False,inf,2.575332999999347,False,1.0,34.98395800000065
node_1762549,B.1.526,"(21846,27925)","(28111,28869)",0.0181818,12,False,0,,False,inf,2.3358749999999873,False,1.0,36.29754200000068
node_1762552,B.1.526,"(11296,23664)","(24506,25517)",0.0384615,13,False,0,,False,inf,3.265166999999458,False,1.0,39.98679199999966
node_1763198,B.1.526,"(9867,11288)","(29903,29903)",8.55652e-07,32,True,1,10576,True,0.0,9.762375000000212,True,8.55652e-07,42.56404100000033
node_1763201,B.1.526,"(9867,11288)","(29903,29903)",2.51963e-10,51,True,1,10758,True,0.0,10.723750000000365,True,2.52e-10,38.202583000000345
node_1764695,B.1.526,"(27739,28869)","(29903,29903)",0.142857,7,False,0,,False,inf,2.760709000000361,False,1.0,39.06945800000017
node_1766128,B.1.526,"(27925,28311)","(29903,29903)",0.00136752,27,False,0,,False,inf,6.10316700000002,True,0.000284900336,39.42495899999976
node_1767209,B.1.526,"(23604,24914)","(25563,27739)",0.012987,22,False,0,,False,inf,4.768874999999895,False,1.0,35.74925000000029
node_1767287,B.1.526,"(21658,21707)","(29903,29903)",5.60865e-06,24,True,1,21681,True,0.0,9.685667000000286,True,4.807416e-06,37.09633300000004
node_1767455,B.1.526,"(21614,21658)","(29903,29903)",0.0666667,10,False,0,,False,inf,3.3835829999997458,False,1.0,35.652375000000625
node_1767568,B.1.526,"(8809,23709)","(24914,25968)",0.00225861,23,False,0,,False,inf,3.6170420000001258,True,0.002258611377,37.4994580000001
node_1771474,B.1.637,"(11804,12628)","(19983,20661)",0.0047619,36,False,0,,False,inf,5.521500000000401,True,0.004761904944,41.08325000000068
node_1772102,B.1,"(6101,9867)","(25563,28311)",0.00499501,14,False,0,,False,inf,5.155124999999927,True,0.004995005671,37.16379199999942
node_1773204,B.1,"(25936,26078)","(29903,29903)",0.0285714,15,True,1,26006,True,0.0,7.566541000000093,False,1.0,48.78220800000044
node_1775265,B.1.595.1,"(25121,27964)","(29903,29903)",0.0476191,9,False,0,,False,inf,3.1583749999999355,False,1.0,49.06433300000046
node_1777451,B.1.349,"(7399,10319)","(29903,29903)",0.00225861,23,True,1,9774,True,0.0,10.075583000000776,True,0.002258611144,40.93483299999967
node_1778306,B.1.361,"(26951,27964)","(29715,29779)",0.000227842,22,False,0,,False,inf,4.737000000000435,True,0.000227842349,38.591667000000385
node_1779877,B.1.340,"(2523,4197)","(29903,29903)",0.0476191,9,False,0,,False,inf,6.255375000000285,False,1.0,33.83841699999923
node_1788597,B.1.234,"(16466,17550)","(19220,20268)",0.0030303,45,False,0,,False,inf,5.843999999999738,True,0.003030302934,54.12145800000001
node_179571,B.1.1.7,"(25603,28095)","(29903,29903)",0.00879121,15,False,0,,False,inf,4.9304580000004705,True,0.00366300391,38.930625000000774
node_1797926,B.1,"(19390,23063)","(29903,29903)",0.0375874,17,True,1,21230,True,0.0,6.961250000000696,False,1.0,39.42912499999984
node_1800862,B,"(23604,24506)","(29903,29903)",0.0181818,12,True,1,24054,True,0.0,4.796250000000057,False,1.0,40.580958999999694
node_1819,B,"(23604,28095)","(29903,29903)",0.00466201,13,True,1,26480,True,0.0,4.389833000000287,True,0.004662005231,37.838958000000034
node_1822,B,"(15096,23063)","(29903,29903)",0.010989,14,False,0,,False,inf,2.723791999999392,False,1.0,34.93100000000027
node_183411,B.1.1.7,"(12226,21766)","(28095,28980)",0.142857,7,False,0,,False,inf,2.4770000000007286,False,1.0,40.001208999999704
node_185421,B.1.1.7,"(25703,28881)","(29903,29903)",0.010989,14,False,0,,False,inf,3.102667000000281,True,0.004995005671,42.17820799999927
node_195777,B.1.1.7,"(28095,28280)","(29903,29903)",0.000411353,17,False,0,,False,inf,4.778958000000166,True,0.000370218098,42.25966600000053
node_199942,B.1.1.7,"(15279,22812)","(23525,23709)",0.0285714,15,False,0,,False,inf,4.065167000000258,False,1.0,36.26916699999949
node_202206,B.1.1.7,"(829,13264)","(20132,28882)",0.114286,7,False,0,,False,inf,2.7503749999997495,False,1.0,36.888291999999545
node_204139,B.1.1.7,"(4422,5944)","(29903,29903)",0.00699301,13,True,1,4950,True,0.0,7.4323749999996025,False,0.006993007846,43.95941600000075
node_212172,B.1.1.7,"(14120,28095)","(29903,29903)",0.0151515,11,False,0,,False,inf,5.04812500000007,False,1.0,41.88650000000038
node_219482,B.1.1.7,"(15096,21766)","(26313,27456)",0.013986,13,False,0,,False,inf,4.8484159999997445,False,1.0,34.48637500000018
node_219678,B.1.1.7,"(13699,19032)","(21770,23236)",0.00588235,17,False,0,,False,inf,6.46304200000003,False,0.005882353522,37.3716669999995
node_219917,B.1.1.7,"(17762,21766)","(29903,29903)",0.00757576,12,True,1,19730,True,0.0,5.085249999999597,False,0.007575758267,38.088541000000475
node_219919,B.1.1.7,"(12896,21766)","(21993,25166)",0.012987,11,False,0,,False,inf,3.587083000000213,False,1.0,40.190291000000045
node_228857,B.1.1.7,"(241,3267)","(14408,23604)",0.0220588,17,False,0,,False,inf,3.190040999999866,False,1.0,38.85658300000028
node_228873,B.1.1.7,"(241,3267)","(14676,15279)",0.0333333,10,False,0,,False,inf,3.662917000000654,False,1.0,41.65933300000013
node_250967,BA.2,"(8393,9344)","(29903,29903)",0.000377074,18,True,1,8867,True,0.0,7.1479590000000925,True,0.000377073971,40.9729160000003
node_258179,BA.2,"(3411,5812)","(15240,25416)",0.2,6,False,0,,False,inf,3.0800410000000333,False,1.0,44.75720800000005
node_2660,B.1,"(21638,23063)","(29903,29903)",0.114286,7,False,0,,False,inf,2.5844580000002892,False,1.0,52.06787500000054
node_287695,XBB.1_27915T,"(18703,22101)","(23986,28447)",0.0181818,12,False,0,,False,inf,4.543916999999897,False,1.0,39.940540999999996
node_288345,XCE,"(2954,18811)","(29903,29903)",0.114286,7,False,0,,False,inf,2.756792000000008,False,1.0,42.36112500000022
node_289785,XBB.1.16,"(14856,16878)","(29903,29903)",0.012987,11,True,1,16053,True,0.0,7.191042000000092,False,1.0,41.98525000000019
node_289790,XBB.1.16,"(393,1875)","(14856,16878)",1.03148e-07,30,True,2,16303;15417,False,13542.0,10.84712500000018,True,1.03148e-07,39.52541700000012
node_293681,XBB.1.16.24,"(3179,14856)","(29903,29903)",0.00490196,18,False,0,,False,inf,3.8233339999997895,True,0.004901961423,44.796874999999844
node_296083,XBB.1.16.6,"(8947,10861)","(29903,29903)",3.04044e-05,26,True,1,10044,True,0.0,9.319415999999858,True,3.0404384e-05,41.91241700000026
node_297808,JF.1,"(12775,21941)","(22034,27870)",0.0333333,10,False,0,,False,inf,4.527207999999838,False,1.0,38.463000000000136
node_299661,HF.1.1,"(17949,21941)","(22034,22474)",0.00109469,29,False,0,,False,inf,5.908333999999904,True,0.001094690873,39.24899999999987
node_300559,XDM,"(22106,22927)","(24046,27059)",2.9795e-05,32,False,0,,False,inf,6.578541000000104,True,2.9795014e-05,39.88970800000003
node_302853,XBB.1.16.1,"(13252,14856)","(18703,23202)",0.0666667,10,False,0,,False,inf,4.444874999999904,False,1.0,39.84708399999981
node_303933,XBB.1.16,"(12789,14856)","(29903,29903)",0.000119076,19,True,1,13508,True,0.0,10.66166699999993,True,0.00010825089,39.43662500000001
node_305345,XBB.1.16,"(25317,27507)","(29903,29903)",0.142857,7,False,0,,False,inf,2.590334000000194,False,1.0,36.661833000000144
node_305576,XBB.1_27915T,"(9049,11750)","(22101,23123)",7.14456e-05,20,True,2,10730;22610,True,0.0,12.21199999999989,True,7.1445589e-05,40.197249999999855
node_305590,XBB.1_27915T,"(22108,22995)","(29903,29903)",0.000180599,20,True,1,22550,True,0.0,10.240417000000335,True,0.0001031992,36.537207999999936
node_306523,FL.13,"(16560,23599)","(29903,29903)",0.114286,7,False,0,,False,inf,2.9421250000001287,False,1.0,34.40154100000026
node_309481,XBB.1.9.1,"(23457,28297)","(29903,29903)",0.0545455,11,False,0,,False,inf,5.016374999999851,False,1.0,43.1078330000001
node_316107,FL.1.8,"(12970,21371)","(23123,23664)",0.0545455,11,False,0,,False,inf,3.9859579999999006,False,1.0,42.29250000000029
node_31801,B.1.525,"(14407,18171)","(29903,29903)",0.0984849,12,False,0,,False,inf,5.378625000000525,False,1.0,41.52187499999993
node_318319,XBB.1.9.2,"(16878,27507)","(29903,29903)",0.142857,7,False,0,,False,inf,2.488875000000057,False,1.0,42.15954199999983
node_31849,B.1.525,"(28699,28881)","(29903,29903)",0.000141163,24,False,0,,False,inf,4.898374999999788,True,5.2007497e-05,440.33562500000033
node_319357,EG.1,"(17124,22995)","(29903,29903)",0.0238095,10,True,1,19980,True,0.0,5.23083400000024,False,1.0,42.333291999999915
node_321144,EG.5.2.4,"(6729,11518)","(29903,29903)",0.0151515,11,True,1,8980,True,0.0,6.322458000000086,False,1.0,33.67312499999997
node_321871,EG.5.1,"(25947,26907)","(29903,29903)",0.00274725,16,False,0,,False,inf,3.2994580000003104,True,0.001373626525,41.960165999999965
node_325566,EG.5.1.1,"(12970,16878)","(29903,29903)",0.000386997,20,True,2,14230;15480,True,0.0,8.487624999999888,True,0.000386996981,41.83791599999998
node_325567,EG.5.1.1,"(12970,16878)","(27507,29625)",1.83556e-05,23,True,2,14230;15730,True,0.0,11.05966700000005,True,1.8355589e-05,36.13516699999985
node_326877,EG.5.1.1,"(22986,25572)","(29903,29903)",0.000178311,23,True,1,23857,True,0.0,9.027541000000028,True,6.9343332e-05,36.71924999999998
node_326882,EG.5.1.1,"(22317,22320)","(29903,29903)",0.00241658,21,True,1,22018,True,299.0,9.60412499999963,True,0.001212590607,39.05645800000013
node_326889,EG.5.1.1,"(13627,22570)","(29903,29903)",0.0714286,8,False,0,,False,inf,3.4678340000002805,False,1.0,35.047999999999746
node_327014,EG.5.1.1,"(22930,25572)","(29903,29903)",0.025,16,True,1,23704,True,0.0,8.785792000000292,False,0.007142857648,43.21854199999997
node_329025,EG.5.1.1,"(17004,22033)","(29903,29903)",0.107143,8,False,0,,False,inf,4.316208000000099,False,1.0,42.886416999999625
node_329201,HK.16,"(6541,9693)","(28472,29625)",1.53769e-06,30,True,1,7134,True,0.0,10.442875000000296,True,1.537693e-06,43.02112499999966
node_334056,EG.5.1,"(13627,18326)","(29903,29903)",0.012987,11,True,1,15980,True,0.0,7.216666999999788,False,1.0,43.60974999999989
node_337563,EG.5.1.4,"(26111,29545)","(29903,29903)",0.025,16,False,0,,False,inf,5.149917000000226,False,0.007142857648,41.88741699999987
node_337796,EG.5.1.4,"(5720,9693)","(29903,29903)",0.00197628,24,True,1,7480,True,0.0,10.500165999999922,True,0.001976284897,36.31933300000023
node_338416,EG.5.1.6,"(2334,9693)","(28236,29625)",0.010989,14,False,0,,False,inf,3.4470419999999002,False,1.0,43.04887499999977
node_338853,EG.5.1.6,"(22033,22928)","(29903,29903)",0.0833333,9,False,0,,False,inf,4.325375000000076,False,1.0,36.55849999999994
node_338855,EG.5.1.6,"(22480,22927)","(29903,29903)",0.00103199,20,True,1,22702,True,0.0,7.958749999999792,True,0.000386996981,36.51637500000015
node_342778,HV.1,"(13627,21941)","(22034,22917)",0.107143,8,False,0,,False,inf,4.125125000000285,False,1.0,36.655167000000155
node_345140,HV.1,"(22930,25572)","(27384,28928)",0.00714286,16,False,0,,False,inf,5.4915000000002046,False,0.007142857648,37.786375000000035
node_345805,EG.5.1,"(22570,27507)","(29903,29903)",0.0454545,12,True,1,24730,True,0.0,6.814958000000093,False,1.0,39.71933399999994
node_346008,EG.5.1,"(27507,29485)","(29903,29903)",0.0220588,17,False,0,,False,inf,3.9207089999999667,False,0.005882353522,41.23041699999996
node_346927,XBB.1.9,"(23018,23401)","(29903,29903)",0.0833333,9,False,0,,False,inf,3.626249999999942,False,1.0,41.34579199999999
node_346947,XBB.1.9,"(21137,22121)","(29903,29903)",5.58811e-07,28,True,1,21628,True,0.0,10.712832999999922,True,4.27326e-07,37.720916000000045
node_346949,XBB.1.9,"(18492,22480)","(22930,27507)",0.0714286,8,False,0,,False,inf,3.015709000000033,False,1.0,39.56408300000014
node_346952,XBB.1.9,"(21718,23673)","(29903,29903)",0.00412797,19,True,1,22950,True,0.0,9.145082999999943,True,0.001289989916,43.39645800000014
node_346958,XBB.1.9,"(22033,22480)","(29903,29903)",0.00274725,16,True,1,22255,True,0.0,7.250082999999741,True,0.002747253049,34.449333000000415
node_346961,XBB.1.9,"(18492,22609)","(29903,29903)",0.000180599,20,True,2,19730;20980,True,0.0,9.73587500000006,True,0.0001031992,42.857208000000035
node_349070,XBB.1.41.2,"(16795,19884)","(29903,29903)",4.27326e-07,28,True,2,19306;17386,True,0.0,9.467458999999678,True,4.27326e-07,42.78691599999984
node_349510,XBB.1_27915T,"(13704,15939)","(29903,29903)",5.05242e-05,29,True,1,15334,True,0.0,6.821291000000063,True,5.0524199e-05,35.8328750000001
node_349807,XBB.1.5.57,"(405,3796)","(5183,20379)",0.142857,7,False,0,,False,inf,2.8940830000001583,False,1.0,38.622957999999926
node_350831,XBB.1.5.110,"(21952,22101)","(23929,28297)",0.0196078,18,False,0,,False,inf,4.9757499999998345,False,1.0,34.71629100000007
node_356776,JD.1.1,"(14189,14634)","(29903,29903)",0.00588235,17,True,1,14410,True,0.0,6.238124999999872,False,0.005882353522,45.89012500000011
node_356777,XCP,"(12789,14634)","(29903,29903)",0.00350877,20,True,1,13508,True,0.0,6.897416999999795,True,0.003508772235,46.12516700000002
node_360868,XBB.1.5_17124,"(5705,10204)","(29903,29903)",9.38174e-05,22,True,1,7730,True,0.0,8.637166999999835,True,9.3817449e-05,40.36800000000041
node_361793,GK.1.10,"(8668,20762)","(29903,29903)",0.2,6,False,0,,False,inf,2.679833000000187,False,1.0,48.38841699999996
node_362323,GK.2.1,"(27059,28005)","(29903,29903)",0.00923077,26,False,0,,False,inf,4.8817920000003845,True,0.001538461656,40.277999999999814
node_362574,XBB.1.5.70,"(18492,25045)","(29903,29903)",0.032967,14,False,0,,False,inf,4.9176249999995925,False,1.0,41.959124999999986
node_362582,XCR,"(23673,25045)","(29903,29903)",9.30056e-08,32,True,1,24200,True,0.0,11.09574999999996,True,5.7575e-08,47.74350000000016
node_365779,XBB.1.5_17124,"(10204,16342)","(29903,29903)",0.00757576,12,False,0,,False,inf,3.867000000000065,False,0.007575758267,40.282291999999664
node_38206,B.1,"(26876,28881)","(29903,29903)",0.11039,11,False,0,,False,inf,4.202750000000144,False,1.0,50.253625000000746
node_38209,B.1,"(22992,26700)","(29903,29903)",0.00128999,19,True,1,24730,True,0.0,8.913499999999352,True,0.000515995955,47.84966600000029
node_38241,B.1,"(445,2110)","(20389,21855)",2.82824e-08,32,True,1,21120,False,19010.0,12.992792000000364,True,2.8282e-08,42.166332999999945
node_38242,B.1,"(21855,22992)","(29399,29511)",1.03417e-09,38,True,1,22416,True,0.0,10.259082999999336,True,1.034e-09,49.00770800000043
node_392663,XBB.1.5_17124,"(10204,17079)","(29903,29903)",0.114286,7,False,0,,False,inf,3.4015000000002793,False,1.0,39.09995900000007
node_392692,XBB.1.5_17124,"(17124,25416)","(29903,29903)",0.003663,15,False,0,,False,inf,2.8309579999996615,True,0.00366300391,38.59054200000011
node_392702,XBB.1.5_17124,"(2954,25416)","(29903,29903)",0.013986,13,False,0,,False,inf,2.292875000000194,False,1.0,42.36158400000001
node_395693,XBB.1.5_17124,"(3857,3927)","(29903,29903)",0.0181818,12,False,0,,False,inf,4.242042000000001,False,1.0,42.17287500000033
node_401197,GA.4.1,"(13627,22295)","(29903,29903)",0.010989,14,False,0,,False,inf,4.168874999999961,True,0.004995005671,40.76441700000011
node_401458,XBN,"(5183,12444)","(29903,29903)",7.43218e-05,27,False,0,,False,inf,4.15858300000016,True,7.4321826e-05,37.688291999999905
node_402573,XBB.2,"(16342,22317)","(23123,27431)",0.0714286,8,False,0,,False,inf,2.597290999999835,False,1.0,36.92720799999982
node_403349,JY.1,"(23522,25410)","(29903,29903)",1.1789e-05,30,True,1,24125,True,0.0,10.203333000000203,True,3.92966e-06,42.35520800000003
node_404959,GJ.1.2,"(22317,22995)","(29903,29903)",0.00210084,17,True,1,22654,True,0.0,7.460915999999873,True,0.000969618734,43.902541000000014
node_404962,GJ.1.2,"(25690,27431)","(29903,29903)",5.20483e-06,34,False,0,,False,inf,6.163332999999938,True,1.487095e-06,41.456791999999965
node_404977,GJ.1.2.8,"(25690,27431)","(29903,29903)",0.012987,11,False,0,,False,inf,2.3928330000000386,False,1.0,42.25512500000006
node_405095,XBB.2.3.3,"(11956,12730)","(29903,29903)",0.000141163,24,True,1,12342,True,0.0,9.576749999999912,True,0.000141163211,34.13054100000012
node_406125,GS.4.1,"(6536,11750)","(29903,29903)",0.010101,12,True,1,8980,True,0.0,8.660374999999831,False,1.0,33.14041600000017
node_406130,GS.4.1,"(13188,14268)","(29903,29903)",1.4029e-05,29,True,1,13708,True,0.0,8.807666000000047,True,1.4028953e-05,43.35025000000003
node_41393,B.1.629,"(21618,22107)","(22995,25433)",0.00504202,35,False,0,,False,inf,6.937875000000204,False,0.005042016972,41.38866600000046
node_414299,BA.2.3.9_rev10198,"(16342,21042)","(23075,25810)",0.00757576,12,False,0,,False,inf,4.419500000000021,False,0.007575758267,46.44445899999994
node_418042,XBJ,"(23018,25810)","(29903,29903)",8.47531e-10,43,True,1,23623,True,0.0,9.73354099999968,True,3.83e-10,34.98445799999983
node_425347,BN.1.3,"(7390,11146)","(29903,29903)",0.0333333,10,False,0,,False,inf,3.402667000000026,False,1.0,38.11629100000013
node_429047,XBU,"(13324,22747)","(29903,29903)",0.0242424,11,False,0,,False,inf,2.916792000000168,False,1.0,42.67216600000001
node_43242,B.1.2,"(21088,21302)","(21724,25768)",0.013986,13,False,0,,False,inf,5.165375000000694,False,1.0,38.1102499999999
node_433356,CH.1.1.30,"(12574,14694)","(29903,29903)",4.42282e-05,21,True,2,13151;13711,True,0.0,9.068875000000087,True,4.4228229e-05,34.49470799999999
node_440762,BA.2.75,"(22747,25157)","(27889,28330)",0.00137363,16,True,1,24568,True,0.0,4.370332999999782,True,0.001373626525,44.120750000000264
node_440766,XBD,"(26275,27012)","(29903,29903)",0.0142857,21,True,1,24730,False,1545.0,6.666000000000061,True,0.003007519059,45.87116599999996
node_440824,BA.2.75,"(26275,27012)","(29903,29903)",0.000395257,25,True,1,26626,True,0.0,6.95220799999996,True,0.000112930567,43.762874999999646
node_440825,BA.2.75,"(23031,25416)","(29903,29903)",0.013986,13,True,1,24697,True,0.0,5.048749999999824,False,1.0,39.87404100000003
node_440830,BA.2.75,"(18583,22893)","(23018,26529)",0.010989,14,True,2,25754;23873,True,980.0,5.289874999999888,False,1.0,35.062834000000095
node_440842,XCA,"(22747,22893)","(29903,29903)",0.00103199,20,True,2,22818;20730,True,0.0,6.497624999999729,True,0.001031991909,35.22645800000035
node_449751,BA.2,"(17039,22001)","(29903,29903)",0.000411353,17,True,1,19980,True,0.0,6.38329099999968,True,0.000411353394,39.99608300000013
node_449781,XCT,"(7051,19326)","(29903,29903)",0.000474158,38,False,0,,False,inf,3.407916000000011,True,0.000474158413,44.02100000000031
node_449851,BA.2,"(17039,22001)","(29903,29903)",0.00499501,14,True,1,19980,True,0.0,6.127957999999989,True,0.002997003496,34.68362499999999
node_455299,BA.2.12.1,"(16092,25521)","(29903,29903)",0.114286,7,False,0,,False,inf,2.8116250000000953,False,1.0,35.1189999999999
node_455381,BA.2.12.1,"(16092,22917)","(29903,29903)",0.00499501,14,False,0,,False,inf,3.7656249999997726,True,0.004995005671,41.07016599999991
node_455394,BA.2.12.1,"(18568,22917)","(26529,27038)",0.002997,14,False,0,,False,inf,3.4704160000003093,True,0.002997003263,43.332458000000074
node_470684,BA.2.12.1,"(4993,11674)","(29903,29903)",0.00499501,14,False,0,,False,inf,4.368499999999997,True,0.004995005671,40.51429199999967
node_471053,BA.2.12.1,"(2710,7231)","(21721,28770)",0.0333333,10,False,0,,False,inf,3.994667000000174,False,1.0,44.64095800000001
node_480618,BA.2.12.1,"(15009,18585)","(19217,21721)",0.0012432,15,False,0,,False,inf,4.5606659999997134,True,0.001243201434,44.93445899999982
node_490695,BA.2.23,"(1168,1594)","(2338,6026)",0.0045045,37,False,0,,False,inf,5.779958000000196,True,0.004504504614,41.762916000000146
node_493445,BA.4.1,"(23040,27621)","(29903,29903)",0.0285714,15,True,1,24730,True,0.0,6.76070899999992,False,1.0,40.46083400000011
node_4942,B.1,"(9754,21057)","(29903,29903)",0.003663,15,False,0,,False,inf,4.590749999999755,True,0.00366300391,37.50050000000016
node_494914,BA.4.1,"(12160,14619)","(29903,29903)",2.31144e-05,24,True,1,12819,True,0.0,6.336375000000061,True,2.3114444e-05,43.60237499999986
node_503165,BA.4,"(9967,11674)","(15848,21721)",0.046953,15,False,0,,False,inf,4.896624999999766,False,1.0,46.50837500000016
node_512604,BA.4.6,"(23535,25416)","(29903,29903)",0.0196078,18,True,1,24382,True,0.0,8.318916999999981,True,0.004901961423,43.79091599999985
node_51455,B.1.2,"(25460,27513)","(29903,29903)",0.0666667,10,False,0,,False,inf,3.8353340000001346,False,1.0,46.77499999999979
node_515095,BA.4.6,"(12160,14599)","(18526,20436)",0.0157895,20,False,0,,False,inf,6.361500000000131,False,1.0,47.802874999999915
node_515381,BA.4_dropout,"(9866,11674)","(23040,29353)",0.0333333,10,False,0,,False,inf,4.189417000000084,False,1.0,43.50300000000029
node_515389,BA.4_dropout,"(23040,25416)","(29903,29903)",0.0181818,12,True,1,23634,True,0.0,7.8428330000002155,False,1.0,35.38083300000005
node_517981,BA.5.9,"(7471,11674)","(29903,29903)",0.00197628,24,True,1,9730,True,0.0,8.785041999999965,True,0.001976284897,35.448749999999585
node_519209,BA.5,"(17242,25517)","(29903,29903)",0.000377074,18,False,0,,False,inf,4.714083000000091,True,0.000251382648,41.75095800000017
node_519519,BA.5.6,"(11674,12160)","(29903,29903)",7.43218e-05,27,True,1,11916,True,0.0,7.877791999999939,True,7.4321826e-05,37.93150000000001
node_520384,BA.5.6,"(21077,28133)","(29903,29903)",0.00714286,16,False,0,,False,inf,4.216540999999907,True,0.002747253049,42.292374999999716
node_533528,BA.5.5,"(21789,27389)","(29903,29903)",0.142857,7,False,0,,False,inf,3.3488329999999955,False,1.0,44.639000000000095
node_535908,miscBA.5BA.2.75,"(5284,9866)","(29903,29903)",0.000377074,18,True,1,7230,True,0.0,8.136874999999932,True,0.000377073971,40.590291999999636
node_535962,BA.5,"(20462,27038)","(29903,29903)",0.0238095,10,False,0,,False,inf,3.225583999999948,False,1.0,43.79112499999982
node_535974,BA.5,"(20148,24919)","(29903,29903)",0.012987,11,True,1,22480,True,0.0,6.9359160000002085,False,1.0,43.74883299999999
node_537738,BA.5.2.1,"(7736,11989)","(29903,29903)",0.2,6,False,0,,False,inf,4.040999999999961,False,1.0,43.859208999999844
node_539006,BF.30,"(8140,9559)","(22599,23535)",0.00350877,20,False,0,,False,inf,3.594000000000097,True,0.003508772468,47.19570799999984
node_540166,BA.5.2.1,"(27506,28330)","(29903,29903)",0.107143,8,False,0,,False,inf,3.7893750000002058,False,1.0,41.78625000000036
node_546041,BF.14,"(3549,10253)","(29903,29903)",0.000969619,17,False,0,,False,inf,4.335624999999954,True,0.000969618734,43.54579200000019
node_547207,BA.5.2.1,"(19337,21997)","(29903,29903)",0.0476191,9,False,0,,False,inf,5.799457999999813,False,1.0,42.32708299999999
node_547211,BA.5.2.1,"(16726,19337)","(29903,29903)",0.0012432,15,True,1,17730,True,0.0,8.848083000000173,True,0.001243201434,44.9072079999997
node_54762,B.1.2,"(18131,21302)","(23593,29402)",0.114286,7,False,0,,False,inf,4.241540999999849,False,1.0,56.49495800000004
node_548565,BA.5.2.1,"(22942,27038)","(27889,28312)",2.81452e-05,22,True,1,24980,True,0.0,6.148832999999687,True,2.8145232e-05,46.63712500000017
node_549018,BA.5.2.1,"(16611,22713)","(29903,29903)",2.31144e-05,24,False,0,,False,inf,3.75733399999989,True,2.3114444e-05,40.219207999999895
node_549133,BA.5.2.1,"(19690,22893)","(29903,29903)",0.000370218,17,True,1,21230,True,0.0,8.933458000000005,True,0.000370218098,35.212666000000056
node_549359,BF.39,"(5031,15452)","(29903,29903)",0.013986,13,False,0,,False,inf,4.0580420000000395,False,1.0,41.455207999999914
node_549779,BF.1,"(21520,22879)","(29903,29903)",0.00699301,13,True,1,22198,True,0.0,6.742000000000026,True,0.004662005231,39.44995900000015
node_552126,BF.10,"(24751,26029)","(29903,29903)",0.0833333,9,False,0,,False,inf,4.232667000000134,False,1.0,46.86116600000023
node_552615,BF.10,"(22633,26151)","(29903,29903)",0.0666667,10,False,0,,False,inf,4.062291999999967,False,1.0,41.644750000000116
node_554961,BF.10,"(8802,9526)","(11522,14507)",0.0285714,15,False,0,,False,inf,4.687666000000146,False,1.0,46.77495799999987
node_556098,BA.5.2.1,"(8140,14599)","(23535,26529)",0.000141163,24,True,1,25754,False,11155.0,8.376958000000378,True,0.000141163197,36.70241600000024
node_556418,BF.24,"(27038,27532)","(29903,29903)",0.0454545,12,False,0,,False,inf,3.9565000000001405,False,1.0,41.976374999999955
node_556785,BF.27,"(2910,6979)","(29903,29903)",0.00197628,24,True,1,3980,True,0.0,9.10604199999998,True,0.001976284897,39.0614170000001
node_55682,B.1.2,"(1228,1310)","(6652,7124)",0.000356152,46,True,3,6086;6540;5712,False,4402.0,11.383333000000384,True,0.000356151519,427.1382500000005
node_558883,BA.5.2.1,"(12163,17030)","(29903,29903)",0.0476191,9,False,0,,False,inf,4.31516700000012,False,1.0,45.56758400000005
node_560074,BA.5.2.1,"(3859,6979)","(21691,26625)",0.0714286,8,False,0,,False,inf,4.217999999999833,False,1.0,43.59350000000006
node_5657,B.1.631,"(26222,27389)","(29903,29903)",0.116883,23,False,0,,False,inf,3.7902909999996126,False,1.0,37.0694579999995
node_572652,BF.5,"(5365,6979)","(29903,29903)",0.000210517,29,True,1,6170,True,0.0,8.484166000000126,True,0.000210517479,41.22116600000014
node_573239,BA.5.2.1,"(1627,14257)","(17039,22942)",0.025,16,False,0,,False,inf,3.479083000000216,False,1.0,36.2456670000002
node_576327,BF.7,"(15957,16616)","(29903,29903)",0.002997,14,True,2,16285;14480,True,0.0,8.42683299999969,True,0.002997003496,41.316124999999815
node_577373,BF.7,"(7528,10733)","(23419,26151)",0.0833333,9,False,0,,False,inf,4.333917000000298,False,1.0,39.406249999999865
node_581194,BF.7,"(11521,15540)","(29903,29903)",0.00757576,12,True,1,13230,True,0.0,7.883250000000341,False,0.007575758733,41.71954100000042
node_587081,BA.5.2.1,"(4999,5284)","(29903,29903)",0.003663,15,True,1,5140,True,0.0,5.455165999999956,True,0.00366300391,39.73604199999991
node_5883,B.1,"(14676,15279)","(29903,29903)",0.00714286,16,True,1,14976,True,0.0,4.881916999999625,False,0.007142857648,57.55879099999994
node_608080,BA.5.2,"(7909,12310)","(29903,29903)",0.0333333,10,False,0,,False,inf,4.21416600000013,False,1.0,35.712542000000184
node_608831,BA.5.2,"(5365,9866)","(29903,29903)",0.00225861,23,True,1,7480,True,0.0,8.030833000000293,True,0.002258611144,38.94649999999977
node_616092,XBG,"(22599,23202)","(29903,29903)",0.000699301,16,True,1,22899,True,0.0,8.180166999999905,True,0.000699300785,40.609458000000046
node_616160,BA.5.2,"(16616,24745)","(29903,29903)",0.0151515,11,False,0,,False,inf,3.2471249999996843,False,1.0,40.42720899999974
node_616194,BA.5.2,"(22599,23707)","(29903,29903)",0.012987,11,True,1,23152,True,0.0,6.115707999999831,False,1.0,41.44279100000014
node_616228,BA.5.2,"(15451,22001)","(22577,22898)",0.000112931,25,True,1,22736,True,735.0,5.921541999999835,True,0.00011293056,41.01512499999993
node_616230,XBT,"(5183,9866)","(29903,29903)",0.000103199,20,True,1,6980,True,0.0,7.9779169999998345,True,0.0001031992,37.73099999999996
node_616300,BA.5.2,"(5183,12160)","(29903,29903)",0.012987,11,False,0,,False,inf,2.873708000000086,False,1.0,32.77537499999994
node_616308,BA.5.2,"(12325,16616)","(29903,29903)",0.0151515,11,True,1,13980,True,0.0,6.076416999999612,False,1.0,41.865916999999975
node_622054,BA.5.2.21,"(20719,22599)","(23535,26529)",0.0108696,24,False,0,,False,inf,5.9489590000003645,False,1.0,43.122916999999816
node_622520,BA.5.2.21,"(22942,27012)","(29903,29903)",0.000178311,23,True,2,25730;24230,True,0.0,9.6080409999999,True,6.9343332e-05,42.57437500000005
node_633700,BA.5.2,"(16726,22896)","(29903,29903)",0.0333333,10,False,0,,False,inf,3.6644169999999754,False,1.0,42.24687500000002
node_636183,BA.5.1_no29666,"(27438,27788)","(29903,29903)",0.2,6,False,0,,False,inf,2.220625000000087,False,1.0,42.3002079999999
node_636260,BA.5.1,"(6979,16700)","(29903,29903)",0.0242424,11,False,0,,False,inf,3.342583000000232,False,1.0,40.21508299999965
node_637854,BA.5.1.22,"(5221,6979)","(27438,28330)",0.002331,14,False,0,,False,inf,4.502833000000095,True,0.002331002615,42.911083000000346
node_638011,BA.5.1.22,"(22427,22713)","(29903,29903)",0.0454545,12,True,1,22568,True,0.0,7.2095409999999305,False,1.0,48.15108300000004
node_639713,BA.5.1.5,"(22599,24382)","(29903,29903)",0.00407925,13,True,1,23805,True,0.0,6.131209000000304,True,0.004079254344,42.787000000000134
node_640657,BA.5.1,"(22639,26840)","(29903,29903)",0.013986,13,True,1,25230,True,0.0,8.287042000000078,False,0.006993007846,38.1192079999999
node_641608,BA.5.1.24,"(21752,22792)","(29903,29903)",6.87995e-05,21,True,1,22270,True,0.0,6.795832999999973,True,6.8799462e-05,40.6733749999999
node_641995,BA.5.1,"(26428,28330)","(29903,29903)",0.142857,7,False,0,,False,inf,3.50366599999985,False,1.0,45.34495800000027
node_651915,BA.5.1,"(8326,9866)","(27889,28647)",0.00128999,19,False,0,,False,inf,4.20420900000007,True,0.001289989916,40.29562500000017
node_652477,BA.5.1,"(10450,12160)","(29903,29903)",0.00490196,18,True,1,11304,True,0.0,6.392665999999991,True,0.004901961423,45.65099999999988
node_654052,BA.5.1.21,"(19174,28330)","(29903,29903)",0.0833333,9,False,0,,False,inf,3.6963329999997185,False,1.0,41.19895799999984
node_655686,BA.5.1,"(19152,27038)","(29903,29903)",0.0238095,10,False,0,,False,inf,3.4577920000002926,False,1.0,43.943792000000315
node_655909,BA.5.1,"(9866,10798)","(29903,29903)",0.00350877,20,True,1,10330,True,0.0,6.249625000000147,True,0.003508772235,40.71770799999985
node_656661,BA.5.1.23,"(3629,12115)","(16726,27038)",0.013986,13,False,0,,False,inf,3.192874999999873,False,1.0,42.2404580000002
node_657714,BA.5.1,"(4752,11956)","(29903,29903)",0.00499501,14,False,0,,False,inf,3.45941599999966,True,0.004995005671,40.36570799999994
node_658546,BA.5.1,"(10183,17750)","(29903,29903)",0.002997,14,False,0,,False,inf,3.6698749999999336,True,0.002997003496,38.75287500000013
node_660873,BA.5.1,"(21137,27438)","(29903,29903)",0.0545455,11,False,0,,False,inf,3.0342089999999544,False,1.0,39.23874999999999
node_663714,BA.5.1.30,"(12310,16323)","(29903,29903)",0.00499501,14,True,1,14730,True,0.0,5.4933749999999115,True,0.004995005671,41.41800000000018
node_665942,BA.5.1,"(15009,17721)","(29903,29903)",0.0242424,11,True,1,16230,True,0.0,5.6572919999999804,False,1.0,40.67162499999988
node_677595,BA.5.1,"(5538,10647)","(28681,29666)",0.0151515,11,False,0,,False,inf,4.504749999999724,False,1.0,41.11970899999973
node_677873,BE.12,"(9866,10834)","(29903,29903)",0.000470544,24,True,1,10348,True,0.0,6.609500000000157,True,0.000470544008,38.59758300000004
node_684258,BE.1.1,"(22942,25416)","(29903,29903)",0.010989,14,True,1,24697,True,0.0,4.366000000000092,False,1.0,39.86262500000004
node_684302,BE.1.1,"(19269,20481)","(29903,29903)",4.80742e-06,24,True,1,19874,True,0.0,8.661124999999714,True,4.807416e-06,44.646666000000224
node_68518,B.1,"(2644,3784)","(28272,28881)",0.00588235,17,False,0,,False,inf,4.502291000000547,False,0.005882353522,37.16666700000015
node_688106,BQ.1,"(20429,25157)","(29903,29903)",0.0476191,9,False,0,,False,inf,3.440374999999829,False,1.0,40.358250000000155
node_693519,BQ.1.5,"(2954,16694)","(29903,29903)",0.2,6,False,0,,False,inf,2.89774999999981,False,1.0,43.746542000000055
node_696276,BQ.1.1.18,"(17039,21042)","(22001,22893)",0.00109469,29,False,0,,False,inf,6.123375000000042,True,0.001094690873,39.607084000000015
node_706431,BQ.1.1,"(6979,9220)","(29903,29903)",1.21618e-05,26,True,1,8474,True,0.0,9.44950000000011,True,1.2161754e-05,35.697250000000125
node_722654,BQ.1.1,"(17039,19209)","(22599,22893)",1.85805e-05,28,True,1,22744,False,3535.0,9.418750000000031,True,1.8580455e-05,42.86262500000015
node_724047,BQ.1.1.4,"(22942,23607)","(24960,28312)",0.136014,25,False,0,,False,inf,5.606666999999899,False,1.0,41.22775000000001
node_724796,BQ.1.1.7,"(27438,28153)","(29903,29903)",0.00128999,19,False,0,,False,inf,4.339374999999812,True,0.000515995955,43.80833299999986
node_725987,BQ.1.1.66,"(11828,17676)","(29903,29903)",0.0476191,9,False,0,,False,inf,3.4038339999997724,False,1.0,42.51100000000019
node_737715,BE.1,"(17278,22792)","(29903,29903)",0.002331,14,True,1,19980,True,0.0,7.663666999999652,True,0.002331002383,41.27083300000001
node_740171,BE.1,"(16935,18826)","(29903,29903)",0.00407925,13,True,1,17832,True,0.0,5.411582999999887,True,0.004079254344,43.8030829999998
node_740195,BE.1,"(6700,10097)","(29903,29903)",0.0714286,8,False,0,,False,inf,5.158875000000229,False,1.0,47.92470800000004
node_740686,BE.1.4,"(10287,14599)","(29903,29903)",0.000112931,25,True,1,12480,True,0.0,8.203083000000166,True,0.000112930567,46.24291600000019
node_744169,BA.5,"(10399,13342)","(29903,29903)",0.00699301,13,True,1,11730,True,0.0,6.582832999999955,True,0.004662005231,42.58983299999963
node_744175,BA.5,"(19174,27012)","(29903,29903)",0.010101,12,False,0,,False,inf,3.4979580000000787,False,0.007575758267,43.758915999999815
node_744685,BA.2,"(11575,12160)","(26529,27788)",0.010101,12,False,0,,False,inf,4.509832999999741,False,1.0,43.339833000000105
node_759768,KS.1.1.2,"(27986,28297)","(29903,29903)",0.0196078,18,False,0,,False,inf,4.075166000000019,True,0.004901961423,48.72612499999995
node_765469,LB.1.3.1,"(28291,28884)","(29903,29903)",0.0157895,20,False,0,,False,inf,3.6808329999999945,True,0.003508772235,60.9971669999998
node_767015,XFP,"(5239,12892)","(23933,27414)",0.00210084,17,False,0,,False,inf,3.6303749999999635,True,0.002100840677,57.69800000000003
node_767236,XFH,"(22132,22566)","(23039,28297)",0.00103199,20,True,1,22348,True,0.0,7.808916999999971,True,0.001031991909,59.25766700000001
node_767661,LF.7,"(6310,21653)","(23039,28297)",0.0181818,12,False,0,,False,inf,2.692124999999823,False,1.0,59.11437500000005
node_76828,B.1.1.519,"(21306,28881)","(29903,29903)",0.152448,13,False,0,,False,inf,4.087041999999208,False,1.0,40.42345899999944
node_768299,XFV,"(5239,6449)","(29903,29903)",0.0242424,11,False,0,,False,inf,3.712791999999965,False,1.0,127.02674999999996
node_768442,XFG.3.7,"(4586,8350)","(29903,29903)",0.00412797,19,True,2,5980;7230,True,0.0,7.891666999999991,True,0.004127967637,124.78633399999994
node_772053,XFG,"(23277,24163)","(29903,29903)",0.000683527,22,True,1,23718,True,0.0,8.535750000000064,True,0.000227842378,61.55408299999987
node_772355,XFG,"(8350,9592)","(20178,22884)",6.93433e-05,23,False,0,,False,inf,5.867457999999992,True,6.9343318e-05,125.81729199999981
node_772366,XFQ,"(13608,16767)","(29903,29903)",0.002997,14,True,1,15480,True,0.0,7.156249999999975,True,0.002997003496,125.13820800000008
node_772387,XFG,"(23277,28432)","(29903,29903)",0.0175439,19,True,2,25480;26230,True,0.0,5.550500000000014,True,0.004127967637,126.20866699999999
node_772389,XFY,"(10039,28432)","(29903,29903)",0.0714286,8,False,0,,False,inf,2.6038750000001443,False,1.0,129.89275
node_772595,LF.7.6.2,"(22792,22993)","(29903,29903)",0.013986,13,False,0,,False,inf,4.390582999999948,False,0.006993007846,62.81362499999999
node_772596,XFM,"(22792,22928)","(29903,29903)",0.0012432,15,True,1,22858,True,0.0,7.2147499999999365,True,0.001243201434,61.088250000000066
node_772645,LF.7.9.1,"(15660,22884)","(29903,29903)",0.002331,14,False,0,,False,inf,2.6200000000000667,True,0.002331002615,129.913167
node_774406,JN.1.11.1,"(22132,24819)","(29903,29903)",0.0476191,9,False,0,,False,inf,3.934667000000003,False,1.0,53.20674999999997
node_775197,KP.3,"(19722,23039)","(29903,29903)",0.002997,14,True,1,22258,True,0.0,6.742540999999935,True,0.002331002615,53.4184590000002
node_777396,MC.8.1,"(23277,25006)","(29903,29903)",0.00699301,13,True,1,24140,True,0.0,7.137500000000019,True,0.004662005231,54.35591600000001
node_777677,KP.3.1.1,"(6738,7113)","(24872,29557)",0.00274725,16,False,0,,False,inf,5.302582999999972,True,0.002747253049,60.92004200000001
node_786675,PA.1.4,"(25492,28727)","(29903,29903)",0.0454545,12,True,1,26110,True,0.0,4.753665999999823,False,1.0,60.874041000000155
node_788878,MC.9,"(21579,25617)","(29903,29903)",0.107143,8,False,0,,False,inf,4.932249999999971,False,1.0,56.375833000000156
node_789491,KP.3,"(15372,19722)","(29903,29903)",0.002331,14,True,1,17480,True,0.0,7.517833000000085,True,0.002331002383,45.72608299999992
node_789523,KP.3.3,"(7113,16111)","(22599,23039)",0.010101,12,False,0,,False,inf,3.5595409999999994,False,1.0,53.120000000000054
node_789906,XEC,"(13264,15372)","(29903,29903)",0.000257998,19,True,1,13996,True,0.0,7.8979169999999765,True,0.000257998006,60.93258300000004
node_794436,XEC.27,"(22132,22281)","(22896,23277)",0.0142857,21,False,0,,False,inf,4.406040999999972,False,1.0,61.021707999999954
node_794560,XEC,"(21738,28291)","(29903,29903)",0.0181818,12,False,0,,False,inf,3.1196669999999926,False,1.0,62.020834000000136
node_796004,XES,"(2334,4891)","(22000,22599)",0.00699301,13,True,1,22298,False,17407.0,6.091041999999991,False,0.006993007381,60.66074999999982
node_797306,XEM,"(22599,23039)","(29903,29903)",0.00499501,14,True,1,22818,True,0.0,4.851500000000009,True,0.004995005671,54.81995799999994
node_797313,KP.3.3.1,"(22795,23039)","(29903,29903)",0.00466201,13,True,1,22916,True,0.0,5.886624999999812,True,0.004662005231,53.09054200000007
node_797359,KP.3.3,"(12666,18555)","(29903,29903)",0.013986,13,False,0,,False,inf,4.385334000000185,False,1.0,62.05824999999998
node_79987,B.1.1.222,"(3884,19839)","(23756,25587)",0.107143,8,False,0,,False,inf,4.109084000000429,False,1.0,37.16100000000022
node_80107,B.1.1.317,"(13536,19839)","(23586,28905)",0.0833333,9,False,0,,False,inf,3.4333329999993722,False,1.0,40.46233399999988
node_810786,XET,"(20104,22108)","(29903,29903)",0.00699301,13,True,1,21041,True,0.0,5.690417000000059,True,0.004662005231,55.56137500000013
node_811816,JN.1.11,"(21738,22865)","(23039,28297)",0.18254,10,False,0,,False,inf,3.431332999999981,False,1.0,61.484333999999976
node_81343,B.1.1,"(12534,13536)","(15026,16549)",0.00854701,27,False,0,,False,inf,8.568916999999843,False,1.0,48.53045800000011
node_814389,JN.1.1,"(9142,11727)","(29903,29903)",0.0333333,10,True,1,10230,True,0.0,6.257292000000136,False,1.0,50.40179099999986
node_814392,JN.1.1,"(11614,27507)","(29903,29903)",0.0242424,11,False,0,,False,inf,3.0945,False,1.0,49.371832999999924
node_814627,XDR,"(9693,15451)","(19326,21622)",2.15594e-07,56,True,1,21050,False,5599.0,6.838249999999935,True,2.15594e-07,60.587665999999984
node_814628,XDR,"(13712,15451)","(19326,21624)",1.21753e-09,68,True,1,21051,False,5600.0,9.343083000000085,True,1.218e-09,47.1930410000001
node_816904,NB.1.8.1,"(186,4543)","(19572,22995)",0.142857,7,False,0,,False,inf,3.3580419999998945,False,1.0,129.07016599999997
node_819120,JN.1.1,"(26833,27810)","(29903,29903)",1.72284e-07,86,False,0,,False,inf,6.181582999999824,True,1.4889e-08,49.149290999999984
node_819296,JN.1,"(21738,21762)","(22599,22896)",0.0285714,15,False,0,,False,inf,4.152750000000038,False,1.0,49.54720800000034
node_828224,JN.1,"(3565,7113)","(24872,27810)",0.0238095,10,False,0,,False,inf,4.15708299999995,False,1.0,43.989457999999985
node_828841,BA.2.86.1,"(22926,24990)","(29903,29903)",0.0151515,11,True,1,24109,True,0.0,5.408583999999994,False,1.0,41.75104200000001
node_834399,BA.2,"(2790,4230)","(29903,29903)",0.0396825,9,False,0,,False,inf,2.597624999999937,False,1.0,44.66033299999994
node_841835,BA.2,"(22673,22792)","(23040,23709)",0.0306513,32,False,0,,False,inf,8.281249999999574,False,1.0,31.296417000000076
node_841836,BA.2,"(23929,26529)","(27889,28077)",5.20483e-06,34,True,2,24454;27982,True,0.0,10.857584000000031,True,5.204833e-06,32.27525000000053
node_845092,miscBA1BA2Post17k,"(2832,5386)","(29903,29903)",0.00412797,19,False,0,,False,inf,4.904291999999977,True,0.004127967637,41.82820799999965
node_845483,XW,"(2832,9866)","(29903,29903)",0.142857,7,False,0,,False,inf,2.160083000000146,False,1.0,41.86741700000019
node_847060,BA.2,"(22570,25593)","(29903,29903)",0.2,6,False,0,,False,inf,3.0134159999999355,False,1.0,41.65191699999981
node_852698,BA.2,"(388,12049)","(15741,25624)",0.2,6,False,0,,False,inf,2.6689169999998263,False,1.0,42.26099999999988
node_85323,B.1.1.28,"(16176,21786)","(23063,23271)",0.00793651,28,False,0,,False,inf,5.9197500000003345,False,0.007936508395,40.28654200000048
node_85371,B.1.1.28,"(21974,23012)","(23604,26149)",0.0454545,12,False,0,,False,inf,4.772416999999862,False,1.0,39.93508300000048
node_871936,BA.2,"(22000,22599)","(29903,29903)",0.0476191,9,False,0,,False,inf,3.8542920000002034,False,1.0,40.37733300000035
node_872172,BA.2,"(670,22599)","(26530,26858)",0.0151515,11,False,0,,False,inf,2.9750840000000167,False,1.0,37.80350000000033
node_88506,C.37,"(101,4002)","(7424,9867)",0.00645161,31,True,1,9172,False,5170.0,7.628083000000174,False,0.00645161327,43.54629100000018
node_889714,BA.2.9,"(25624,27618)","(29903,29903)",0.0714286,8,False,0,,False,inf,2.7396250000002453,False,1.0,42.7973340000003
node_890086,BA.2.9,"(5051,14109)","(29903,29903)",0.0396825,9,False,0,,False,inf,3.736041999999884,False,1.0,43.72154100000003
node_904172,BA.2.9,"(2832,4009)","(29903,29903)",0.0151515,11,False,0,,False,inf,2.779541999999857,False,1.0,44.45654099999974
node_911680,BA.2,"(21126,27171)","(29903,29903)",0.0333333,10,False,0,,False,inf,2.3341659999998043,False,1.0,45.015250000000066
node_920758,BA.2,"(2790,7224)","(25810,27502)",0.012987,11,False,0,,False,inf,3.7147920000002443,False,1.0,44.60450000000016
node_921224,B.1.1.529,"(15240,21762)","(22775,26060)",0.0666667,10,False,0,,False,inf,4.685250000000085,False,1.0,44.670250000000244
node_921241,B.1.1.529,"(8393,11537)","(22813,24130)",0.114286,7,False,0,,False,inf,4.614917000000052,False,1.0,42.75091700000022
node_921271,BA.1_dropout,"(22792,22898)","(24503,26060)",0.0128361,32,False,0,,False,inf,5.748000000000086,False,1.0,41.53479200000021
node_923221,BA.1,"(28461,28881)","(29903,29903)",0.114286,7,False,0,,False,inf,3.0471250000001504,False,1.0,36.27179199999997
node_930225,BA.1,"(19359,22992)","(29903,29903)",0.0833333,9,False,0,,False,inf,4.559834000000151,False,1.0,36.976791999999925
node_931414,BA.1,"(22786,22992)","(29903,29903)",0.0833333,9,False,0,,False,inf,2.37558300000007,False,1.0,37.2293749999999
node_954530,BA.1.17.2,"(2470,3241)","(10955,12781)",0.013986,13,False,0,,False,inf,5.274458000000148,False,1.0,39.99387499999996
node_957917,BA.1.17.2,"(11950,14829)","(19217,23664)",0.00757576,12,False,0,,False,inf,4.595291999999862,False,0.007575758733,46.85979200000023
node_969681,BA.1.20,"(7981,22992)","(23013,27804)",0.142857,7,False,0,,False,inf,2.3547920000002165,False,1.0,40.48224999999972
node_970384,BA.1.20,"(11950,19209)","(23013,23664)",0.00757576,12,False,0,,False,inf,4.1582079999997745,False,0.007575758733,40.789333000000205
node_975845,BA.1.15,"(5386,10135)","(29903,29903)",0.0396825,9,False,0,,False,inf,4.03483299999996,False,1.0,44.33583299999988
node_98375,B.1.1,"(16176,23063)","(28111,28280)",0.000969619,17,False,0,,False,inf,4.729250000000462,True,0.000969618734,40.033250000000464
node_98404,B.1.1,"(16176,24914)","(28111,28881)",0.0396825,9,False,0,,False,inf,2.9565829999995685,False,1.0,41.31895900000071
node_98426,B.1.1,"(16176,21614)","(21638,21974)",0.154799,20,False,0,,False,inf,4.536959000000174,False,1.0,39.02791699999941
node_98510,B.1.1,"(9891,11804)","(25703,27925)",0.000120185,24,True,2,26216;10891,True,0.0,10.734292000000423,True,0.000120185396,37.70829199999959
node_98532,B.1.1,"(23709,24914)","(29903,29903)",0.00499501,14,True,1,24310,True,0.0,4.978749999999366,True,0.004995005671,43.02991700000014
node_987593,BA.1.15.1,"(25708,29301)","(29903,29903)",0.107143,8,False,0,,False,inf,2.5957499999997857,False,1.0,35.325750000000156
node_9913,B.1,"(6402,8986)","(27874,28461)",0.0476191,9,False,0,,False,inf,3.119166000000284,False,1.0,43.59974999999938
node_999679,BA.1,"(2902,3684)","(4579,10135)",0.0238095,10,False,0,,False,inf,3.8355000000001027,False,1.0,43.99416700000014
