regime,cell_id,rep_id,n_taxa,genome_length,r_over_m,delta,nu,theta,is_recombinant,num_true_imports,num_true_bps,rhiz_detected,rhiz_num_bps,rhiz_bps,rhiz_min_spatial_error,rhiz_mean_spatial_error,rhiz_acc_within_50nt,rhiz_acc_within_100nt,rhiz_acc_within_250nt,rhiz_time_ms
recombination_intensity,intensity_rm_0.0,2,20,25000,0.0,1000.0,0.02,0.01,False,0,0,False,0,,,,,,,274.13287499999984
recombination_intensity,intensity_rm_0.0,7,20,25000,0.0,1000.0,0.02,0.01,False,0,0,False,0,,,,,,,278.83091700000006
recombination_intensity,intensity_rm_0.0,1,20,25000,0.0,1000.0,0.02,0.01,False,0,0,False,0,,,,,,,290.52645900000005
recombination_intensity,intensity_rm_0.0,5,20,25000,0.0,1000.0,0.02,0.01,False,0,0,False,0,,,,,,,303.27875000000006
recombination_intensity,intensity_rm_0.0,6,20,25000,0.0,1000.0,0.02,0.01,False,0,0,False,0,,,,,,,309.58408299999985
recombination_intensity,intensity_rm_0.0,3,20,25000,0.0,1000.0,0.02,0.01,False,0,0,True,1,8530,,,,,,508.2245000000003
recombination_intensity,intensity_rm_0.0,0,20,25000,0.0,1000.0,0.02,0.01,False,0,0,True,1,20467,,,,,,504.66254099999964
recombination_intensity,intensity_rm_0.0,4,20,25000,0.0,1000.0,0.02,0.01,False,0,0,True,1,4864,,,,,,519.477959
recombination_intensity,intensity_rm_0.0,8,20,25000,0.0,1000.0,0.02,0.01,False,0,0,False,0,,,,,,,287.62379100000015
recombination_intensity,intensity_rm_0.0,10,20,25000,0.0,1000.0,0.02,0.01,False,0,0,False,0,,,,,,,276.19495800000004
recombination_intensity,intensity_rm_0.0,9,20,25000,0.0,1000.0,0.02,0.01,False,0,0,False,0,,,,,,,290.7742080000002
recombination_intensity,intensity_rm_0.0,11,20,25000,0.0,1000.0,0.02,0.01,False,0,0,False,0,,,,,,,279.31375
recombination_intensity,intensity_rm_0.0,12,20,25000,0.0,1000.0,0.02,0.01,False,0,0,False,0,,,,,,,291.99537499999997
recombination_intensity,intensity_rm_0.0,14,20,25000,0.0,1000.0,0.02,0.01,False,0,0,False,0,,,,,,,296.559083
recombination_intensity,intensity_rm_0.1,0,20,25000,0.1,1000.0,0.02,0.01,True,25,49,False,0,,,,,,,281.69370799999973
recombination_intensity,intensity_rm_0.1,2,20,25000,0.1,1000.0,0.02,0.01,True,12,23,False,0,,,,,,,293.666333
recombination_intensity,intensity_rm_0.1,1,20,25000,0.1,1000.0,0.02,0.01,True,8,15,False,0,,,,,,,315.94354199999987
recombination_intensity,intensity_rm_0.0,13,20,25000,0.0,1000.0,0.02,0.01,False,0,0,True,2,23249;18854,,,,,,514.0041670000004
recombination_intensity,intensity_rm_0.1,3,20,25000,0.1,1000.0,0.02,0.01,True,8,15,True,4,3631;3033;19782;21762,13.0,1507.25,25.0,25.0,50.0,507.66920800000025
recombination_intensity,intensity_rm_0.1,7,20,25000,0.1,1000.0,0.02,0.01,True,9,18,False,0,,,,,,,306.55737500000015
recombination_intensity,intensity_rm_0.1,5,20,25000,0.1,1000.0,0.02,0.01,True,12,23,True,4,4136;6732;1262;4958,2.0,97.5,25.0,50.0,100.0,521.2752919999999
recombination_intensity,intensity_rm_0.1,4,20,25000,0.1,1000.0,0.02,0.01,True,12,24,True,10,10694;6834;11461;23188;21776;19176;13150;3662;12536;3146,4.0,236.2,70.0,70.0,80.0,628.7586670000001
recombination_intensity,intensity_rm_0.1,8,20,25000,0.1,1000.0,0.02,0.01,True,9,18,False,0,,,,,,,315.9928750000001
recombination_intensity,intensity_rm_0.1,10,20,25000,0.1,1000.0,0.02,0.01,True,14,26,False,0,,,,,,,306.1513750000002
recombination_intensity,intensity_rm_0.1,6,20,25000,0.1,1000.0,0.02,0.01,True,3,6,True,1,18814,4120.0,4120.0,0.0,0.0,0.0,545.3382499999999
recombination_intensity,intensity_rm_0.1,11,20,25000,0.1,1000.0,0.02,0.01,True,4,8,False,0,,,,,,,309.93087500000007
recombination_intensity,intensity_rm_0.1,9,20,25000,0.1,1000.0,0.02,0.01,True,11,22,True,2,10508;4112,27.0,84.0,50.0,50.0,100.0,522.4323749999998
recombination_intensity,intensity_rm_0.1,12,20,25000,0.1,1000.0,0.02,0.01,True,10,20,False,0,,,,,,,346.501167
recombination_intensity,intensity_rm_0.1,14,20,25000,0.1,1000.0,0.02,0.01,True,12,24,False,0,,,,,,,303.70499999999987
recombination_intensity,intensity_rm_0.1,13,20,25000,0.1,1000.0,0.02,0.01,True,16,29,True,11,10114;9098;11450;5742;10108;17110;22138;22138;11450;20449;16128,1.0,17.09090909090909,90.9090909090909,90.9090909090909,100.0,621.3314170000003
recombination_intensity,intensity_rm_0.5,1,20,25000,0.5,1000.0,0.02,0.01,True,25,49,True,3,22064;13946;22065,5.0,29.333333333333332,66.66666666666666,100.0,100.0,551.2776660000003
recombination_intensity,intensity_rm_0.5,0,20,25000,0.5,1000.0,0.02,0.01,True,41,77,True,2,4860;22292,15.0,45.0,50.0,100.0,100.0,758.9890839999999
recombination_intensity,intensity_rm_0.5,3,20,25000,0.5,1000.0,0.02,0.01,True,40,78,True,7,16785;21702;16214;11684;19449;21702;8158,2.0,40.714285714285715,85.71428571428571,85.71428571428571,100.0,562.6019170000003
recombination_intensity,intensity_rm_0.5,2,20,25000,0.5,1000.0,0.02,0.01,True,45,89,True,10,334;1045;360;16946;1802;24166;1010;1012;1012;22138,4.0,32.2,80.0,90.0,100.0,668.7054999999997
recombination_intensity,intensity_rm_0.5,4,20,25000,0.5,1000.0,0.02,0.01,True,42,80,True,12,10870;8283;21144;20365;10870;8000;8513;1567;11402;6490;23915;10202,0.0,22.333333333333332,91.66666666666666,91.66666666666666,100.0,582.6537919999998
recombination_intensity,intensity_rm_0.5,6,20,25000,0.5,1000.0,0.02,0.01,True,42,81,True,3,22918;24185;4756,3.0,5.666666666666667,100.0,100.0,100.0,574.5581250000002
recombination_intensity,intensity_rm_0.5,5,20,25000,0.5,1000.0,0.02,0.01,True,47,92,True,7,1532;3178;17826;4488;12506;4011;19124,17.0,193.71428571428572,28.57142857142857,42.857142857142854,71.42857142857143,664.0638329999997
recombination_intensity,intensity_rm_0.5,7,20,25000,0.5,1000.0,0.02,0.01,True,50,98,True,11,1608;3257;2624;18217;20612;20590;16686;18240;468;6328;7666,3.0,56.0,72.72727272727273,90.9090909090909,90.9090909090909,653.746
recombination_intensity,intensity_rm_0.5,8,20,25000,0.5,1000.0,0.02,0.01,True,68,134,True,10,3894;21384;21648;22370;22296;4140;22392;4138;10280;6178,0.0,16.1,100.0,100.0,100.0,567.7332499999999
recombination_intensity,intensity_rm_0.5,13,20,25000,0.5,1000.0,0.02,0.01,True,25,48,False,0,,,,,,,319.74795899999987
recombination_intensity,intensity_rm_0.5,11,20,25000,0.5,1000.0,0.02,0.01,True,54,106,True,4,6852;16575;6864;15062,16.0,107.75,50.0,75.0,75.0,536.065667
recombination_intensity,intensity_rm_0.5,12,20,25000,0.5,1000.0,0.02,0.01,True,57,113,True,9,18248;18833;23502;18242;11834;1998;24927;4822;24986,6.0,189.66666666666666,44.44444444444444,66.66666666666666,66.66666666666666,521.9934999999998
recombination_intensity,intensity_rm_0.5,10,20,25000,0.5,1000.0,0.02,0.01,True,33,65,True,8,2305;8676;20592;2305;21820;1693;15698;1607,2.0,51.75,75.0,75.0,100.0,621.3525409999994
recombination_intensity,intensity_rm_0.5,9,20,25000,0.5,1000.0,0.02,0.01,True,23,46,True,2,23430;2668,8.0,13.5,100.0,100.0,100.0,716.536917
recombination_intensity,intensity_rm_0.5,14,20,25000,0.5,1000.0,0.02,0.01,True,34,66,True,12,11591;13178;19555;18600;24614;19650;14422;11474;15133;18606;13576;21234,0.0,165.41666666666666,50.0,58.333333333333336,75.0,528.096541
recombination_intensity,intensity_rm_1.0,0,20,25000,1.0,1000.0,0.02,0.01,True,76,150,True,2,22062;21938,4.0,7.5,100.0,100.0,100.0,530.1414170000003
recombination_intensity,intensity_rm_1.0,1,20,25000,1.0,1000.0,0.02,0.01,True,50,97,True,7,8777;12745;21368;19392;19372;23937;8777,1.0,17.857142857142858,85.71428571428571,100.0,100.0,556.3421250000005
recombination_intensity,intensity_rm_1.0,4,20,25000,1.0,1000.0,0.02,0.01,True,97,186,True,6,10768;6572;6572;11306;24568;15481,14.0,21.0,100.0,100.0,100.0,564.5437080000004
recombination_intensity,intensity_rm_1.0,5,20,25000,1.0,1000.0,0.02,0.01,True,54,107,True,6,5125;6958;5898;20328;6958;19826,5.0,23.333333333333332,83.33333333333334,100.0,100.0,532.1866250000005
recombination_intensity,intensity_rm_1.0,2,20,25000,1.0,1000.0,0.02,0.01,True,60,110,True,6,5864;17975;295;2611;20252;11924,6.0,140.66666666666666,50.0,50.0,83.33333333333334,727.6020000000001
recombination_intensity,intensity_rm_1.0,6,20,25000,1.0,1000.0,0.02,0.01,True,71,137,True,8,14329;14306;11354;12366;17918;23239;12366;6162,4.0,64.125,75.0,75.0,87.5,528.0938330000007
recombination_intensity,intensity_rm_1.0,7,20,25000,1.0,1000.0,0.02,0.01,True,96,188,True,18,2282;8462;744;17216;4347;12534;14492;21182;18191;10046;13658;874;16037;11022;21751;10048;16148;18174,1.0,30.38888888888889,66.66666666666666,94.44444444444444,100.0,525.5080410000002
recombination_intensity,intensity_rm_1.0,3,20,25000,1.0,1000.0,0.02,0.01,True,99,192,True,9,2730;20332;22369;20350;21865;2189;20355;13326;2192,1.0,42.666666666666664,88.88888888888889,88.88888888888889,100.0,746.8900839999994
recombination_intensity,intensity_rm_1.0,8,20,25000,1.0,1000.0,0.02,0.01,True,123,240,True,15,3406;1555;15966;16254;23134;3404;21510;9654;9116;6550;11821;6988;8658;7644;9116,0.0,27.533333333333335,93.33333333333333,93.33333333333333,93.33333333333333,558.5196670000006
recombination_intensity,intensity_rm_1.0,9,20,25000,1.0,1000.0,0.02,0.01,True,97,190,True,10,24272;8928;11682;9164;11278;23390;11034;9164;23374;8928,0.0,9.4,100.0,100.0,100.0,517.4841250000002
recombination_intensity,intensity_rm_1.0,10,20,25000,1.0,1000.0,0.02,0.01,True,86,167,True,20,20324;7162;24664;2870;2506;7960;4198;1110;5846;8240;20324;7155;10324;1442;2507;6622;5202;5050;4026;10324,5.0,59.2,65.0,80.0,100.0,537.0845840000005
recombination_intensity,intensity_rm_1.0,12,20,25000,1.0,1000.0,0.02,0.01,True,35,68,True,2,10431;8863,71.0,114.5,0.0,50.0,100.0,525.2582910000001
recombination_intensity,intensity_rm_1.0,13,20,25000,1.0,1000.0,0.02,0.01,True,107,210,True,27,4864;23058;17905;24276;17199;21448;4400;4030;20556;23754;17266;3065;23090;6494;19487;22327;6614;4400;7193;14767;21504;4434;8778;8976;23694;21324;17946,0.0,16.40740740740741,96.29629629629629,100.0,100.0,509.21979200000055
recombination_intensity,intensity_rm_1.0,11,20,25000,1.0,1000.0,0.02,0.01,True,63,122,True,15,21092;3025;21092;11066;2170;12128;4242;15976;4814;8078;23044;17102;22630;23400;23048,4.0,57.53333333333333,40.0,80.0,100.0,635.1789169999993
recombination_intensity,intensity_rm_1.0,14,20,25000,1.0,1000.0,0.02,0.01,True,73,144,True,8,18247;19982;20454;12212;12842;15502;16297;23652,9.0,31.5,75.0,100.0,100.0,574.9996250000003
recombination_intensity,intensity_rm_2.0,0,20,25000,2.0,1000.0,0.02,0.01,True,228,443,True,30,22994;14381;21388;14433;12820;12346;4597;23996;6490;21095;12151;13018;12076;10559;19564;5612;5156;11501;11504;21542;11936;15558;20662;4998;14936;22315;8556;23416;15283;6900,0.0,11.966666666666667,96.66666666666667,100.0,100.0,572.8502080000002
recombination_intensity,intensity_rm_2.0,2,20,25000,2.0,1000.0,0.02,0.01,True,78,150,True,9,8554;3462;15394;3786;5158;17096;1781;15048;8719,1.0,40.111111111111114,66.66666666666666,88.88888888888889,100.0,567.4334999999999
recombination_intensity,intensity_rm_2.0,1,20,25000,2.0,1000.0,0.02,0.01,True,99,193,True,6,18924;15065;19758;18454;9278;9330,5.0,89.33333333333333,83.33333333333334,83.33333333333334,83.33333333333334,594.9287920000002
recombination_intensity,intensity_rm_2.0,5,20,25000,2.0,1000.0,0.02,0.01,True,159,310,True,15,2387;22678;23441;20445;7482;22655;14850;20232;21508;20445;922;18741;8118;20232;24620,1.0,11.6,93.33333333333333,100.0,100.0,535.288875
recombination_intensity,intensity_rm_2.0,4,20,25000,2.0,1000.0,0.02,0.01,True,167,329,True,23,5738;3002;1280;3002;1280;22978;5582;22286;6972;255;9896;1324;8096;19706;12542;23356;7520;8578;15242;21820;13692;7756;18803,0.0,20.304347826086957,91.30434782608695,95.65217391304348,100.0,590.7891659999996
recombination_intensity,intensity_rm_2.0,3,20,25000,2.0,1000.0,0.02,0.01,True,92,183,True,13,298;6422;13706;20396;2579;12638;16878;15029;20115;17632;6256;11345;21172,1.0,15.153846153846153,92.3076923076923,100.0,100.0,675.4650419999999
recombination_intensity,intensity_rm_2.0,6,20,25000,2.0,1000.0,0.02,0.01,True,194,377,True,31,4948;7944;24712;8089;22442;24962;14960;24214;21584;11788;2760;12921;15162;9595;12224;4308;19008;14963;4948;18455;10224;16362;4467;19008;11710;18031;24712;6992;21890;12676;2696,0.0,20.419354838709676,83.87096774193549,96.7741935483871,100.0,556.2487910000007
recombination_intensity,intensity_rm_2.0,7,20,25000,2.0,1000.0,0.02,0.01,True,225,438,True,42,18661;13518;10078;22958;10386;9757;4524;2276;1576;1439;14658;21248;12370;2496;21270;12908;13120;3050;5314;3935;1199;17865;2936;8850;3101;12349;11420;22418;14386;9088;12858;17832;8850;9757;4634;11020;8879;22958;17333;4634;2524;5250,0.0,13.5,90.47619047619048,100.0,100.0,556.7842089999999
recombination_intensity,intensity_rm_2.0,8,20,25000,2.0,1000.0,0.02,0.01,True,182,357,True,20,18583;9018;16668;4472;11063;23330;19714;22808;12942;10750;12358;12134;276;21476;21500;22840;1392;24761;3409;7780,0.0,25.85,90.0,95.0,100.0,584.1993749999998
recombination_intensity,intensity_rm_2.0,9,20,25000,2.0,1000.0,0.02,0.01,True,292,563,True,41,10169;21664;5718;11798;17150;16726;1095;10536;14204;7172;15795;17981;20684;11448;18868;2890;4275;22237;1752;24472;7922;2515;1549;22350;5462;17326;4274;22181;16278;18902;11074;20226;17777;21664;7216;17150;22242;1831;6274;18369;20684,0.0,11.121951219512194,100.0,100.0,100.0,674.1142079999997
recombination_intensity,intensity_rm_2.0,10,20,25000,2.0,1000.0,0.02,0.01,True,111,214,True,13,10061;3680;20866;3221;5272;2706;2465;13924;2978;6569;3286;2706;24230,1.0,19.76923076923077,92.3076923076923,100.0,100.0,700.2140000000007
recombination_intensity,intensity_rm_2.0,11,20,25000,2.0,1000.0,0.02,0.01,True,165,325,True,39,5660;23548;9724;8130;23102;3688;11898;5908;2125;23326;19263;9678;7754;22812;7472;8130;22922;18466;15281;5327;14501;24743;22812;1078;9113;17608;8506;23246;23236;19244;24713;21672;5859;5327;16728;10633;5986;6766;23548,1.0,16.487179487179485,94.87179487179486,100.0,100.0,719.2721669999997
recombination_intensity,intensity_rm_5.0,0,20,25000,5.0,1000.0,0.02,0.01,True,388,746,True,73,22472;22244;19348;4570;16929;22690;13570;18761;12827;18577;12353;5868;20948;23239;7794;5233;15717;3935;3442;1758;22468;4680;17267;21212;20736;11987;24231;18956;24756;13799;13373;20686;15166;11224;16288;5117;5044;11540;1440;2508;8248;2871;4204;16225;1922;15360;22902;13652;6678;1440;7154;15160;14152;4696;23341;13452;8856;21254;2284;3834;7568;4078;19881;22170;8438;24428;2358;13846;22132;19886;9235;2006;22680,0.0,12.698630136986301,94.52054794520548,98.63013698630137,100.0,670.7592499999997
recombination_intensity,intensity_rm_2.0,12,20,25000,2.0,1000.0,0.02,0.01,True,152,293,True,14,20289;3900;16398;15768;3408;20289;9110;23525;9110;12901;6493;17303;22354;6884,0.0,15.428571428571429,92.85714285714286,100.0,100.0,782.4146250000003
recombination_intensity,intensity_rm_2.0,13,20,25000,2.0,1000.0,0.02,0.01,True,240,465,True,43,20510;24004;15944;13468;19770;23164;15432;21272;23617;2964;24714;15900;3438;17432;16596;17099;10872;1516;11321;10227;15128;1582;16582;18683;18934;15224;9718;858;7750;10227;10740;8489;24246;23618;5900;10471;16596;1494;17432;22798;24202;6816;24813,0.0,14.69767441860465,88.37209302325581,100.0,100.0,728.0867500000002
recombination_intensity,intensity_rm_2.0,14,20,25000,2.0,1000.0,0.02,0.01,True,195,383,True,24,1129;4970;3728;2280;1644;16512;14989;7016;1129;1089;2679;10477;22074;2581;3732;6496;14989;18662;5908;23284;22814;14125;17121;16512,0.0,16.041666666666668,95.83333333333334,100.0,100.0,751.5736670000006
recombination_intensity,intensity_rm_5.0,1,20,25000,5.0,1000.0,0.02,0.01,True,514,999,True,67,6594;8122;6922;20918;21732;12025;24176;17836;23242;23459;13912;10902;8020;7946;12206;2645;18462;3185;10657;24651;17864;1694;21342;3670;8703;18452;11393;23831;23511;6839;7556;21990;16264;21990;5740;10096;23786;22922;6827;6594;11073;19344;11632;8758;21304;24282;21732;6005;8538;4198;6929;19465;17762;23646;16767;24176;12206;23588;3185;19590;9910;19125;3016;7557;8764;18400;17760,0.0,7.955223880597015,98.50746268656717,100.0,100.0,653.0999160000003
recombination_intensity,intensity_rm_5.0,2,20,25000,5.0,1000.0,0.02,0.01,True,495,948,True,46,20016;9816;10266;1680;933;22118;22563;23223;24706;23536;2090;5194;11190;10696;18350;10272;16180;17164;15142;23752;3948;8720;15462;15998;3516;8720;2090;4014;14292;16888;1937;22686;22766;3118;11068;16662;17571;17571;3158;8556;6850;20612;17334;20308;15142;2694,0.0,9.978260869565217,100.0,100.0,100.0,645.9045000000003
recombination_intensity,intensity_rm_5.0,3,20,25000,5.0,1000.0,0.02,0.01,True,397,764,True,54,15226;17496;6912;2376;1404;1263;13603;2252;1434;5916;13607;12871;7970;22165;18198;24806;6781;5524;19467;7330;9318;21172;16019;11024;7231;12951;17481;14577;11326;4212;9875;16174;10143;17026;10166;4612;24272;11306;6142;11778;16163;8550;10184;4818;5609;9020;2212;14661;1404;5364;11303;3264;4150;21744,0.0,12.962962962962964,96.29629629629629,100.0,100.0,703.3711249999994
recombination_intensity,intensity_rm_5.0,4,20,25000,5.0,1000.0,0.02,0.01,True,310,589,True,45,14251;24512;13258;24833;19742;8930;5595;12738;23104;11570;10225;6324;13440;23476;13275;7278;18682;21386;6472;19958;3950;7278;8930;18778;13348;19950;19722;2834;7360;7751;11202;15660;19480;19390;17964;13932;11973;24258;3158;23410;20143;2572;20526;3252;5707,0.0,11.577777777777778,95.55555555555556,100.0,100.0,633.721542
recombination_intensity,intensity_rm_5.0,6,20,25000,5.0,1000.0,0.02,0.01,True,156,305,True,42,531;6220;13687;10871;13429;4558;9826;4020;3388;22632;11051;738;6316;24360;2534;4776;992;9525;12964;13269;4171;22727;2770;6220;2666;1190;23265;23034;21817;13269;531;8010;1646;11322;13744;20594;12372;3085;12542;22074;5271;22632,0.0,17.523809523809526,92.85714285714286,97.61904761904762,100.0,673.8919170000006
recombination_intensity,intensity_rm_5.0,7,20,25000,5.0,1000.0,0.02,0.01,True,322,618,True,35,18060;18342;6972;1628;20339;18443;21491;10451;6522;6451;22788;5656;12843;6242;966;1647;2704;10082;5542;10660;23666;22897;24546;5656;3096;16052;991;10596;16326;8558;24848;10637;15558;19504;19568,0.0,15.942857142857143,94.28571428571428,100.0,100.0,658.1657079999994
recombination_intensity,intensity_rm_5.0,5,20,25000,5.0,1000.0,0.02,0.01,True,310,601,True,40,12348;11889;23968;2577;2366;9168;9653;11646;8142;8344;2080;2826;9100;1040;16823;9653;882;12399;14312;1036;12714;18456;7720;6418;4137;18368;19555;11646;22691;2577;11646;24172;6841;5806;10547;14794;1232;2577;19078;12514,1.0,8.4,97.5,100.0,100.0,681.9652499999993
recombination_intensity,intensity_rm_5.0,8,20,25000,5.0,1000.0,0.02,0.01,True,495,944,True,48,13058;20872;15018;15599;9156;22857;2572;5870;24391;15066;23544;24391;1520;7062;16828;11617;24669;16814;4064;23580;2358;2156;6978;7110;12470;14203;7758;12333;2844;9011;23580;6780;22857;4482;1447;19672;10902;6683;6236;6241;12081;16325;4601;19237;24014;6504;2844;18492,0.0,7.645833333333333,100.0,100.0,100.0,672.2311669999997
recombination_intensity,intensity_rm_5.0,9,20,25000,5.0,1000.0,0.02,0.01,True,543,1048,True,72,15956;22010;22155;12123;14732;1066;17026;16819;1471;10176;11288;24508;8538;23708;18347;15050;7438;20828;20256;21484;9778;19486;2278;11494;14726;22832;19351;21752;22058;11508;17701;23517;9946;15506;3233;17774;24023;20393;359;5479;17503;11494;15115;19020;15604;3787;18652;21060;624;20951;23320;15110;1948;17424;22252;20722;20936;24851;17284;1499;21528;21084;4424;21580;1806;21460;1379;6068;18134;14824;18325;14946,0.0,10.847222222222221,98.61111111111111,100.0,100.0,668.3047499999999
recombination_intensity,intensity_rm_5.0,10,20,25000,5.0,1000.0,0.02,0.01,True,254,496,True,35,3284;4686;12798;8554;20583;16850;1552;7284;20565;4878;9917;19091;5770;7289;17952;1552;3784;23350;11267;7501;14274;12140;11672;17676;20743;12692;22630;16591;4653;12938;16490;5792;3268;6858;20243,0.0,15.485714285714286,91.42857142857143,97.14285714285714,100.0,651.6775829999997
recombination_intensity,intensity_rm_5.0,11,20,25000,5.0,1000.0,0.02,0.01,True,548,1055,True,57,22264;23576;24450;3924;14584;7633;8944;16108;24664;17016;2984;19190;14130;16354;21391;17838;22107;22001;3453;16967;9752;15156;11112;2048;10962;21068;2386;11381;9100;12421;5969;23012;22264;6032;20274;22758;13894;19919;8543;2235;4982;10012;19533;7418;16792;19756;3798;15766;30;14755;24999;21684;10006;21552;6612;17766;24994,0.0,11.421052631578947,98.24561403508771,100.0,100.0,647.2277080000008
recombination_intensity,intensity_rm_5.0,12,20,25000,5.0,1000.0,0.02,0.01,True,544,1039,True,36,18911;3501;8639;20372;23429;16930;15691;3110;15024;3873;24746;6236;5030;7865;8256;7720;19378;1529;24638;7110;16978;20372;21;9758;19442;23548;8118;1406;2185;6285;2290;1062;8661;23429;16240;21249,0.0,10.583333333333334,94.44444444444444,97.22222222222221,100.0,647.4947499999998
recombination_intensity,intensity_rm_5.0,13,20,25000,5.0,1000.0,0.02,0.01,True,549,1058,True,48,8732;14306;21050;23066;9871;24392;7632;7210;13242;15369;5879;24428;24754;1644;8732;19052;11776;9364;3060;22384;14306;10071;9291;19490;13660;5870;23848;12152;17812;16276;2251;7786;23366;18704;1340;14216;11262;6499;12647;16596;11766;12166;12678;13438;23196;23668;14518;7195,0.0,7.208333333333333,97.91666666666666,100.0,100.0,661.3526670000009
recombination_intensity,intensity_rm_5.0,14,20,25000,5.0,1000.0,0.02,0.01,True,590,1134,True,73,22326;18902;14092;1015;7758;4976;17405;10348;14234;23188;7068;8351;17588;23188;8207;10542;4422;1882;10198;2388;1970;19876;24242;10149;3136;19629;16597;24468;23074;9488;8248;17872;18325;2620;16597;13810;17132;1614;10548;7290;7510;11356;7955;19183;4930;21692;24517;8793;18251;15115;20616;21293;5164;23678;7609;15824;21368;5282;21088;18530;7510;22697;15688;6676;20926;13717;12416;10854;9444;21688;4760;22622;18678,0.0,9.10958904109589,98.63013698630137,100.0,100.0,686.8451249999996
recombination_intensity,intensity_rm_10.0,0,20,25000,10.0,1000.0,0.02,0.01,True,1725,3152,True,104,13082;8048;5006;14679;3052;8888;15676;22576;13082;5703;5006;13612;6661;3925;17266;20154;7554;17045;19820;10348;14842;23482;8233;23121;18146;11088;14442;21380;2976;10554;21474;13229;18790;8158;22874;15211;6838;13092;10700;10060;8344;23741;20078;15602;20730;16254;24532;11656;20252;10348;4806;19900;328;11842;13612;11749;10907;8006;5524;3080;16001;14508;7702;13339;4192;18310;16951;17266;24460;7084;3513;8442;10730;16476;13928;8532;9243;21706;2374;37;14772;11972;8804;10444;22939;17334;21348;11562;24583;10224;644;8924;10356;8329;16580;22938;16197;22142;9820;2446;18680;10026;13312;14662,0.0,3.1346153846153846,100.0,100.0,100.0,662.0189580000009
recombination_intensity,intensity_rm_10.0,1,20,25000,10.0,1000.0,0.02,0.01,True,941,1772,True,98,11228;19068;13060;16562;8474;14220;11888;371;8416;11191;17630;1019;21806;7912;16228;11744;18335;12943;19174;24430;12624;24722;18718;14592;7448;8500;6218;2432;23528;8210;12310;8396;10094;17298;22291;5962;6773;17754;1924;9046;23058;16562;7852;9704;20596;3434;20571;5782;2754;15048;21190;5254;10622;19023;22291;24430;8214;2623;4260;16842;9686;5967;2180;19935;8514;9046;4858;21824;3091;6570;17076;15540;4704;6641;15719;1996;7994;3456;18034;19522;8514;17799;7174;4957;21637;2153;24710;12890;22420;7306;3588;2432;18556;16336;18228;5966;8002;3044,0.0,4.561224489795919,100.0,100.0,100.0,675.2764999999989
recombination_intensity,intensity_rm_10.0,2,20,25000,10.0,1000.0,0.02,0.01,True,956,1812,True,65,10412;9230;10575;1281;10268;3934;18760;398;3916;6725;4918;13542;19547;2429;2429;3682;3916;24046;1598;9498;19697;4918;6630;22340;8642;19039;22484;1044;8345;7419;6275;23414;13392;13030;11085;3680;7840;15822;19547;20662;9925;15752;6204;30;20290;23052;23582;7355;20932;8854;19846;19304;5284;7920;15016;2476;7418;6483;24748;3732;19122;11008;2651;2219;13191,0.0,5.292307692307692,100.0,100.0,100.0,684.7669169999992
recombination_intensity,intensity_rm_10.0,3,20,25000,10.0,1000.0,0.02,0.01,True,1128,2112,True,107,7302;10704;16326;6380;7976;1116;20856;7144;10282;11611;21522;22829;21682;13761;14026;1934;12847;22614;13272;4057;5896;11314;20318;10974;22910;8904;15095;7508;9416;23434;14254;22860;4421;5952;6034;7738;24215;6620;3784;22658;12343;17282;19754;4731;1214;1740;16400;23298;20427;18086;24717;15948;22560;5366;14930;20991;1002;17326;17878;24831;12874;2436;10822;5050;8336;13;24684;7541;11942;12571;18511;18670;16112;12005;6836;5571;2463;1708;9218;18494;22181;17756;20320;24808;16779;16783;11565;20247;8884;24192;4472;3216;18452;18916;3828;9369;4554;3260;2349;16306;19637;23293;7020;4324;17876;14540;4996,0.0,3.7850467289719627,100.0,100.0,100.0,660.6764169999994
recombination_intensity,intensity_rm_10.0,4,20,25000,10.0,1000.0,0.02,0.01,True,966,1817,True,107,18384;14928;8936;10442;12385;1370;17072;24217;16486;12352;10918;12002;9716;17280;13420;9920;9156;17723;6862;13352;15793;22196;14928;21379;13034;19716;21604;16215;15217;898;10414;2566;7460;2327;3380;17698;4283;1932;4472;1668;4756;21446;16992;7812;802;10217;20074;13787;2967;23741;16859;12004;20322;19188;14580;21713;12352;333;878;21305;3318;14588;8672;588;22001;18804;7386;13043;20791;588;7297;6278;19735;21774;16080;17466;9390;22184;16700;16992;19390;12627;11349;19599;9400;6276;7876;1814;6452;24220;3007;16992;23466;6934;3057;24538;23803;168;15460;20098;7441;3960;5414;21552;14130;3380;17273,0.0,4.990654205607477,100.0,100.0,100.0,647.40325
recombination_intensity,intensity_rm_10.0,5,20,25000,10.0,1000.0,0.02,0.01,True,1138,2143,True,102,19766;6584;869;8108;3497;24526;6655;20646;16626;21526;200;3960;24010;19822;7094;12278;5631;21144;23918;261;22298;1646;4176;11803;3497;23762;22004;4814;13530;17594;5486;2694;9589;22370;13910;24443;6742;3148;24714;9526;1912;18680;23278;9894;9804;7950;22143;19586;18286;20137;21881;11104;15392;12908;12758;22768;11244;4742;17361;20576;315;20041;3028;16626;3822;11336;17429;19706;15226;2006;4216;16784;21220;13233;24065;1786;6228;16108;24010;19552;21888;13582;19707;13106;18878;2806;13784;3664;540;21351;17740;13755;17067;18084;7477;7046;4212;24133;18286;2091;15179;15464,0.0,4.647058823529412,100.0,100.0,100.0,631.2448330000002
recombination_intensity,intensity_rm_10.0,6,20,25000,10.0,1000.0,0.02,0.01,True,584,1120,True,85,16192;5003;5627;21848;12932;3396;2771;7654;22302;12876;22380;10452;1924;4720;23590;19832;12668;8893;10250;10688;4890;17000;1589;8139;21285;8044;810;10729;24230;20098;24740;16192;9719;7433;20586;14608;6978;13266;24230;18212;18778;9719;7721;2120;21931;4188;18608;22865;14434;17012;3134;16379;15713;19351;16523;7431;21970;22160;19694;7324;12408;14395;14800;2218;5627;22895;2139;4842;18832;23598;16424;16774;11178;5826;20246;22331;21701;17990;4664;18482;2602;12674;22685;10144;15713,0.0,7.435294117647059,100.0,100.0,100.0,661.1533749999996
recombination_intensity,intensity_rm_10.0,7,20,25000,10.0,1000.0,0.02,0.01,True,809,1525,True,108,4092;23943;3718;7362;10946;13754;5149;6969;18929;12512;18146;1422;13339;9298;13362;10373;6801;1956;3476;6320;9864;7678;6716;8394;5418;17132;7366;10453;17816;11454;13960;1979;13882;4660;7139;17453;23656;22690;21126;21195;5418;14337;10750;210;4662;16372;3787;15024;15768;5658;22008;5674;12173;16112;9648;9163;21954;3002;23656;18968;19498;2722;12512;8779;23356;20659;10142;11532;5162;9007;9126;5451;4392;24177;19272;14659;15264;20032;24456;19679;9048;16762;20922;9424;23692;6965;1422;21864;17132;23462;14614;11366;3172;6829;24128;14918;23943;9086;23116;7932;2647;19515;12960;15569;24973;8694;3214;6571,0.0,4.962962962962963,100.0,100.0,100.0,655.8197910000008
recombination_intensity,intensity_rm_10.0,8,20,25000,10.0,1000.0,0.02,0.01,True,807,1536,True,107,2163;7170;17101;6722;9079;1902;20052;7020;14298;8494;24178;23493;18133;576;20952;3616;5238;18567;10470;20382;20154;11188;18364;16902;21778;15057;1415;23006;8010;2418;12088;4960;8310;24863;22699;17167;448;22054;5349;10972;798;9920;5670;18363;23134;4645;6608;20782;6901;17344;21155;10836;11038;4305;2163;21160;5245;23814;24162;13370;8805;5712;18812;16520;2838;10536;16816;3014;16488;10436;8786;24616;10280;21098;19704;18992;8456;3620;72;21646;2703;23222;17848;22376;4158;20060;6781;14804;12574;4078;24990;24522;5644;6517;17394;22582;12098;11715;23582;12074;15460;7704;7992;12801;22852;13096;2441,0.0,6.355140186915888,100.0,100.0,100.0,637.3022090000013
recombination_intensity,intensity_rm_10.0,9,20,25000,10.0,1000.0,0.02,0.01,True,841,1597,True,82,21318;24124;24292;15449;11363;15848;15158;20294;1087;859;17616;24582;14458;15999;9470;2860;14441;6908;13733;10780;14680;19953;6329;21999;3540;3851;22122;4374;22612;22538;1610;16152;19432;3174;11074;17162;6908;16150;14106;16450;17392;13488;7890;16835;13336;4832;11358;6902;11169;6668;7566;10048;8794;13269;20514;3538;8242;24582;8666;9969;3583;23218;11468;4503;7601;14909;20498;5276;10672;5760;21328;21999;13960;8326;22918;23236;11235;15291;13458;4196;8211;15472,0.0,5.426829268292683,100.0,100.0,100.0,623.2823330000006
recombination_intensity,intensity_rm_10.0,10,20,25000,10.0,1000.0,0.02,0.01,True,1674,3073,True,100,24291;20754;10014;4733;24076;4374;18851;2893;9451;16214;16278;8439;18452;9716;17355;12774;13768;12494;2662;19976;21794;16440;20358;1496;406;22522;4712;14196;12388;19506;11934;9556;16265;4744;13672;17757;14419;22000;1876;3232;5954;6534;23336;14384;22626;8968;2540;19377;6353;15607;22630;12853;11570;13996;18435;24581;13054;23462;12870;22756;2110;22628;10230;23704;2754;14294;18756;17718;12388;8348;20754;17194;11783;23066;16923;9050;1579;17440;12204;23945;4701;5114;8904;18720;20210;20606;7051;24713;18820;7850;13183;19232;11064;21109;2762;19020;13268;989;18902;10986,0.0,3.3,100.0,100.0,100.0,663.445458
recombination_intensity,intensity_rm_10.0,11,20,25000,10.0,1000.0,0.02,0.01,True,1008,1906,True,87,4834;4580;14886;6151;24802;17503;17932;13272;19919;23028;5163;9855;23032;658;2452;23552;11819;2583;8738;12916;15021;6836;1926;20132;5652;24024;15150;1776;4126;6112;6112;22726;23724;6182;3274;22394;15860;20924;5282;3908;13062;4407;11980;1290;14326;24238;13228;15382;7393;12352;5958;16842;22032;3848;15372;7560;10122;18600;6801;18390;17628;24238;3914;10628;14540;17246;19008;9088;20086;4126;4980;12786;21248;5626;16720;15950;8730;6260;13733;7762;14730;9950;10304;12628;22776;23455;16408,0.0,4.666666666666667,100.0,100.0,100.0,617.0398329999998
recombination_intensity,intensity_rm_10.0,12,20,25000,10.0,1000.0,0.02,0.01,True,1167,2198,True,87,12513;6933;24180;17012;1398;18472;6029;6415;11000;6933;18826;7531;15814;16346;2566;3272;634;1039;17481;2713;10333;16338;872;8048;13092;23631;22905;19863;12302;12283;24186;18950;1035;1448;18419;20637;13976;4218;22849;16396;15501;16190;18212;12658;12998;16260;19204;16534;15942;6520;15380;15350;8664;18054;1273;15814;2470;6510;9053;21787;11818;6606;1970;19767;8076;21720;7336;10066;23466;22310;17700;13194;1502;24180;19107;20862;11052;4256;11275;9443;10166;8784;5598;20944;18712;16048;9397,0.0,4.793103448275862,100.0,100.0,100.0,607.8530000000004
recombination_intensity,intensity_rm_10.0,13,20,25000,10.0,1000.0,0.02,0.01,True,889,1700,True,121,8162;8558;10098;24518;24870;11290;16815;1919;394;14386;8776;12463;23484;16663;12888;12460;8818;20563;24686;23124;9637;18809;23293;24103;5131;15822;8776;19619;13982;11647;19897;7551;8022;21066;20044;6807;10136;18154;8424;11998;11280;21770;14692;13002;2388;15100;10632;12996;5872;8574;19350;20618;22266;13952;790;21962;19179;21984;1558;18244;7551;4190;2695;24370;5467;13354;18834;12460;20551;18944;23841;20708;18379;24079;18070;23841;4356;11638;11422;10812;8776;4071;11344;6020;402;18530;23229;8044;4470;1524;15180;6508;22161;270;16480;14334;19654;8723;5196;5432;12272;7440;6971;22249;8419;585;7330;4898;3552;5065;6146;3858;6634;18120;15052;10858;23599;4816;4071;15224;4692,0.0,5.024793388429752,100.0,100.0,100.0,622.2988750000003
recombination_intensity,intensity_rm_10.0,14,20,25000,10.0,1000.0,0.02,0.01,True,825,1566,True,96,18364;1814;15994;5854;8228;11442;15323;18762;16507;9376;12426;1116;12037;12804;18148;10781;15006;1644;11123;4946;18868;21965;19846;17925;23411;20052;23778;13900;22968;19688;13848;4446;9128;9958;9714;176;15888;16669;23726;20364;22342;854;15314;19738;13239;16680;4548;17395;12630;3144;22658;4405;4778;23006;13510;20958;23378;21521;23378;16370;23712;8600;6087;16201;14586;16189;18364;19067;160;14316;21446;16500;22317;5248;14907;14365;21522;20691;17490;13112;19180;17803;10508;5478;11346;21962;6776;17917;7946;3071;22002;1323;21509;7476;19859;1754,0.0,5.875,100.0,100.0,100.0,612.0839579999995
tract_length,tract_length_d_250,0,20,25000,1.0,250.0,0.02,0.01,True,264,520,True,25,22081;3233;3233;21602;9384;1370;23427;9172;6198;9442;10270;2990;4962;418;7473;19729;2922;2141;12632;7090;21843;8598;1080;23189;10064,0.0,26.04,76.0,96.0,100.0,664.7425829999988
tract_length,tract_length_d_250,1,20,25000,1.0,250.0,0.02,0.01,True,264,521,True,16,16112;8342;2220;2064;15496;6364;2597;10672;8148;18016;16112;22915;13132;14218;5726;16203,1.0,16.3125,93.75,100.0,100.0,709.8762500000007
tract_length,tract_length_d_250,2,20,25000,1.0,250.0,0.02,0.01,True,385,759,True,15,19848;18354;5796;18960;20708;17688;18143;13038;18129;18336;18076;19152;19842;17688;20076,1.0,14.066666666666666,93.33333333333333,100.0,100.0,694.7250829999998
tract_length,tract_length_d_250,3,20,25000,1.0,250.0,0.02,0.01,True,300,591,True,19,13270;11499;8094;17259;11441;7564;12974;20028;9752;18220;24712;14079;10822;19496;19753;9348;12974;1784;21165,1.0,11.947368421052632,100.0,100.0,100.0,601.0606660000004
tract_length,tract_length_d_250,4,20,25000,1.0,250.0,0.02,0.01,True,383,754,True,46,1051;5945;7638;448;4560;12512;2188;9254;13180;2578;7504;828;8442;16725;20472;7050;23626;24636;9996;3095;6751;20626;9755;4608;8634;7504;3398;12988;6302;20067;16068;19172;14244;3741;15351;10078;11526;18960;12436;3642;2276;15380;7792;19464;10150;16691,0.0,14.369565217391305,93.47826086956522,100.0,100.0,609.8652079999987
tract_length,tract_length_d_250,5,20,25000,1.0,250.0,0.02,0.01,True,361,708,True,18,17848;22184;13012;22958;18202;7052;16134;16017;19157;21440;11033;24622;10439;21296;24164;9422;16538;2276,0.0,9.277777777777779,100.0,100.0,100.0,647.2370830000002
tract_length,tract_length_d_250,6,20,25000,1.0,250.0,0.02,0.01,True,343,677,True,44,18786;16569;14850;7591;12024;11494;4744;5458;14814;3428;12286;6030;4786;13819;2130;21679;23125;5558;14447;1506;22400;18168;22792;10971;11440;5552;12774;6676;18976;9330;12771;22832;15213;1375;7056;15752;22132;12233;11818;14456;16244;6398;24431;13606,0.0,16.886363636363637,95.45454545454545,100.0,100.0,612.0452080000014
tract_length,tract_length_d_250,7,20,25000,1.0,250.0,0.02,0.01,True,412,814,True,43,20856;14986;23554;14428;14701;8353;16794;13371;14701;20804;23236;18538;13686;22007;15690;2578;22619;21058;23148;14966;5158;3934;14298;19324;10078;24972;20848;3836;22265;18106;20848;15344;9480;16400;1238;17150;17004;5432;13124;8436;20064;7604;17004,0.0,10.232558139534884,97.67441860465115,100.0,100.0,596.5526250000011
tract_length,tract_length_d_250,8,20,25000,1.0,250.0,0.02,0.01,True,561,1087,True,37,6998;6448;19909;6448;15833;13420;15833;10130;1704;16180;685;9009;9482;4230;4314;21253;16546;12490;16816;20640;7358;11908;22434;21022;1477;5950;13550;5890;8092;618;16067;7590;24993;23116;7776;8271;10055,0.0,8.432432432432432,100.0,100.0,100.0,543.6914169999998
tract_length,tract_length_d_250,9,20,25000,1.0,250.0,0.02,0.01,True,161,318,True,9,7296;15116;4523;22256;6997;21642;4978;13520;8124,2.0,26.11111111111111,88.88888888888889,88.88888888888889,100.0,595.1433329999993
tract_length,tract_length_d_250,10,20,25000,1.0,250.0,0.02,0.01,True,550,1064,True,22,24328;4950;22542;14666;12677;4386;14666;5339;14427;13872;11129;13872;11338;12829;22090;10889;11304;14666;8866;4956;4110;11596,1.0,6.363636363636363,100.0,100.0,100.0,562.5877920000004
tract_length,tract_length_d_250,11,20,25000,1.0,250.0,0.02,0.01,True,285,558,True,19,16368;2078;490;10111;19221;9656;11200;11762;3562;13329;24490;19219;608;13802;12250;6424;24312;12244;449,0.0,8.578947368421053,100.0,100.0,100.0,587.6367089999999
tract_length,tract_length_d_250,13,20,25000,1.0,250.0,0.02,0.01,True,202,401,True,16,7774;3927;22034;5418;16286;11968;20947;13648;21128;16858;13612;16566;2008;10288;10106;10106,1.0,33.1875,87.5,87.5,100.0,588.2294160000008
tract_length,tract_length_d_250,12,20,25000,1.0,250.0,0.02,0.01,True,301,595,True,14,24336;9674;21551;11018;24336;21137;13016;8568;2700;4806;24096;12982;10691;13326,1.0,19.571428571428573,92.85714285714286,100.0,100.0,753.6632080000007
tract_length,tract_length_d_500,0,20,25000,1.0,500.0,0.02,0.01,True,253,493,True,21,17012;14862;16206;16336;10486;11711;1079;5974;14895;21718;1201;15570;15570;2744;7696;4466;1322;8196;6860;23154;14895,1.0,11.333333333333334,95.23809523809523,100.0,100.0,619.7059160000009
tract_length,tract_length_d_500,1,20,25000,1.0,500.0,0.02,0.01,True,195,383,True,22,2680;637;3312;4384;7077;7858;2017;19294;23488;21038;17405;12610;23731;9487;16144;16009;18502;24729;14907;4103;2680;4996,1.0,23.045454545454547,90.9090909090909,95.45454545454545,100.0,635.0357080000002
tract_length,tract_length_d_500,2,20,25000,1.0,500.0,0.02,0.01,True,330,642,True,35,12954;14054;4618;10401;22294;4618;8887;3064;7224;16066;15571;20306;4989;22532;9694;7813;466;11476;20819;4950;20970;13504;18642;5139;15064;21356;12442;17240;4200;2598;16021;9694;5616;8982;18702,0.0,14.485714285714286,91.42857142857143,100.0,100.0,577.4659159999995
tract_length,tract_length_d_500,3,20,25000,1.0,500.0,0.02,0.01,True,302,591,True,17,24109;24717;8294;24109;2958;6247;20771;1739;14128;11880;11934;177;21237;12389;1240;9662;312,0.0,16.058823529411764,94.11764705882352,100.0,100.0,582.3127499999998
tract_length,tract_length_d_500,4,20,25000,1.0,500.0,0.02,0.01,True,143,284,True,22,6526;5684;14313;15180;4942;5516;7835;10861;16344;16742;8794;7176;15080;15280;20513;4772;21812;16364;10376;14562;14610;22878,1.0,15.772727272727273,95.45454545454545,100.0,100.0,566.0293339999996
tract_length,tract_length_d_250,14,20,25000,1.0,250.0,0.02,0.01,True,168,333,True,11,17412;9874;4138;2766;9625;13438;4924;11868;11681;6336;12692,2.0,27.636363636363637,81.81818181818183,100.0,100.0,824.5850000000008
tract_length,tract_length_d_500,5,20,25000,1.0,500.0,0.02,0.01,True,70,139,True,4,961;17547;9406;10740,3.0,41.25,50.0,100.0,100.0,544.3494159999993
tract_length,tract_length_d_500,6,20,25000,1.0,500.0,0.02,0.01,True,139,273,True,8,1340;2066;21347;12109;14896;7154;471;16814,4.0,11.375,100.0,100.0,100.0,652.2056249999988
tract_length,tract_length_d_500,7,20,25000,1.0,500.0,0.02,0.01,True,140,277,True,3,14212;20136;24413,4.0,32.666666666666664,66.66666666666666,100.0,100.0,586.9442500000001
tract_length,tract_length_d_500,8,20,25000,1.0,500.0,0.02,0.01,True,206,405,True,12,8789;18652;9086;8392;13652;18132;16576;19960;22920;18256;8973;15527,1.0,20.25,91.66666666666666,100.0,100.0,621.5009160000004
tract_length,tract_length_d_500,9,20,25000,1.0,500.0,0.02,0.01,True,170,333,True,3,21136;18330;2070,3.0,10.666666666666666,100.0,100.0,100.0,579.7890830000015
tract_length,tract_length_d_500,12,20,25000,1.0,500.0,0.02,0.01,True,100,197,True,3,18334;15132;18818,7.0,137.0,33.33333333333333,33.33333333333333,100.0,568.4616249999995
tract_length,tract_length_d_500,11,20,25000,1.0,500.0,0.02,0.01,True,238,462,True,43,5043;20286;11615;3314;16178;23198;1385;9859;3970;21970;19070;19160;22052;1337;21696;9444;16560;22405;24454;14234;24596;16172;22856;24730;19787;17452;1540;19708;10;10416;21708;16934;22856;9444;18426;19982;5138;5155;16252;2048;16850;12488;3970,1.0,23.0,90.69767441860465,97.67441860465115,100.0,586.786416999999
tract_length,tract_length_d_500,10,20,25000,1.0,500.0,0.02,0.01,True,217,425,True,20,10436;2534;1517;18134;7;3293;15176;9006;2465;1518;20456;11280;1634;23364;18042;3229;5756;18800;2023;23346,0.0,20.95,95.0,95.0,100.0,647.1732920000015
tract_length,tract_length_d_500,13,20,25000,1.0,500.0,0.02,0.01,True,126,249,True,15,9142;21078;402;6016;7621;6180;7720;6110;10766;21932;5934;3596;23710;3099;2294,12.0,78.06666666666666,60.0,80.0,93.33333333333333,565.5759170000003
tract_length,tract_length_d_500,14,20,25000,1.0,500.0,0.02,0.01,True,173,344,True,30,10546;13067;16949;21894;14924;13911;13868;11256;3899;15968;2702;15367;14996;3422;6610;6346;22873;16267;8212;12182;3243;10769;15330;11206;7338;14500;15900;10634;20024;6550,1.0,19.0,93.33333333333333,96.66666666666667,100.0,623.9335409999995
tract_length,tract_length_d_1000,0,20,25000,1.0,1000.0,0.02,0.01,True,127,248,True,24,15470;4891;21840;19984;17810;5341;8320;11510;15563;10085;16168;750;15154;15429;5341;15978;9464;6749;17810;7334;6642;23022;10621;16698,1.0,18.541666666666668,95.83333333333334,95.83333333333334,100.0,646.2231249999988
tract_length,tract_length_d_1000,1,20,25000,1.0,1000.0,0.02,0.01,True,148,284,True,19,21912;5390;14110;24456;14188;11330;9864;4592;4294;21026;15249;3187;3940;3187;12145;20248;11848;8394;8382,0.0,14.68421052631579,94.73684210526315,100.0,100.0,589.8800839999989
tract_length,tract_length_d_1000,2,20,25000,1.0,1000.0,0.02,0.01,True,124,243,True,14,16524;13193;18230;8092;16904;9721;14320;21584;14750;21578;8691;22962;8060;17153,1.0,41.357142857142854,64.28571428571429,92.85714285714286,100.0,572.4692919999992
tract_length,tract_length_d_1000,3,20,25000,1.0,1000.0,0.02,0.01,True,61,117,True,10,11640;6367;13572;9158;15050;6836;6075;14961;17616;6638,2.0,44.8,60.0,90.0,100.0,573.8585
tract_length,tract_length_d_1000,4,20,25000,1.0,1000.0,0.02,0.01,True,45,90,True,3,18478;22038;18478,2.0,8.0,100.0,100.0,100.0,555.2665829999999
tract_length,tract_length_d_1000,5,20,25000,1.0,1000.0,0.02,0.01,True,35,70,True,3,10862;19885;20288,2.0,100.0,33.33333333333333,66.66666666666666,100.0,554.9617920000003
tract_length,tract_length_d_1000,6,20,25000,1.0,1000.0,0.02,0.01,True,114,223,True,31,17244;11024;13424;11868;3422;12635;4296;447;17584;6384;23530;23205;1302;24496;12215;12888;15151;17262;11779;3454;7438;8632;18047;7022;12215;15830;15252;16323;23333;17728;447,1.0,39.806451612903224,77.41935483870968,87.09677419354838,100.0,619.1858329999995
tract_length,tract_length_d_1000,7,20,25000,1.0,1000.0,0.02,0.01,True,55,108,True,4,23212;170;1886;20458,4.0,99.5,25.0,75.0,100.0,533.7762920000007
tract_length,tract_length_d_1000,9,20,25000,1.0,1000.0,0.02,0.01,True,107,211,True,6,16744;16746;19212;7965;17636;15999,8.0,25.5,100.0,100.0,100.0,548.7435830000003
tract_length,tract_length_d_1000,8,20,25000,1.0,1000.0,0.02,0.01,True,76,149,True,9,21679;19228;12343;19213;6212;10920;22332;24679;19009,1.0,60.111111111111114,44.44444444444444,55.55555555555556,100.0,588.094709
tract_length,tract_length_d_1000,10,20,25000,1.0,1000.0,0.02,0.01,True,72,142,True,16,14604;16212;16133;24744;9620;15207;6425;11316;9112;16132;5576;8656;16212;8656;9112;16086,3.0,34.4375,81.25,93.75,100.0,577.9853749999991
tract_length,tract_length_d_1000,13,20,25000,1.0,1000.0,0.02,0.01,True,141,277,True,21,7772;2318;15614;10564;1270;1134;12440;1108;22490;6940;2688;13814;9855;4652;12141;868;13814;12412;18090;17251;14502,0.0,17.571428571428573,90.47619047619048,90.47619047619048,100.0,523.106791
tract_length,tract_length_d_1000,12,20,25000,1.0,1000.0,0.02,0.01,True,138,265,True,23,5245;18612;2525;22282;21421;813;6838;22924;14060;23870;17233;19333;14060;4693;12072;20605;2544;19754;4630;16065;4567;21421;6326,0.0,20.304347826086957,82.6086956521739,100.0,100.0,610.3864999999988
tract_length,tract_length_d_1000,11,20,25000,1.0,1000.0,0.02,0.01,True,44,88,True,3,21214;12319;9394,6.0,55.666666666666664,66.66666666666666,66.66666666666666,100.0,635.5102499999994
tract_length,tract_length_d_1000,14,20,25000,1.0,1000.0,0.02,0.01,True,51,99,True,3,24742;9076;7068,0.0,7.666666666666667,100.0,100.0,100.0,528.3124170000004
tract_length,tract_length_d_2500,0,20,25000,1.0,2500.0,0.02,0.01,True,44,82,True,3,19158;23082;19158,27.0,39.333333333333336,66.66666666666666,100.0,100.0,535.8760839999999
tract_length,tract_length_d_2500,5,20,25000,1.0,2500.0,0.02,0.01,True,33,63,False,0,,,,,,,321.790708
tract_length,tract_length_d_2500,2,20,25000,1.0,2500.0,0.02,0.01,True,33,62,True,7,4910;18484;19851;16244;5014;19846;6512,0.0,99.28571428571429,71.42857142857143,71.42857142857143,85.71428571428571,565.2229579999996
tract_length,tract_length_d_2500,1,20,25000,1.0,2500.0,0.02,0.01,True,32,60,True,11,11447;21327;10799;19128;19066;19855;10037;10802;21762;21327;11447,1.0,15.545454545454545,90.9090909090909,100.0,100.0,584.9231669999995
tract_length,tract_length_d_2500,4,20,25000,1.0,2500.0,0.02,0.01,True,25,49,True,3,20068;2977;10909,12.0,56.0,33.33333333333333,100.0,100.0,552.7007499999996
tract_length,tract_length_d_2500,6,20,25000,1.0,2500.0,0.02,0.01,True,73,139,True,9,4092;23608;8678;15944;20512;17640;23608;7220;13720,1.0,12.88888888888889,100.0,100.0,100.0,533.5274590000001
tract_length,tract_length_d_2500,3,20,25000,1.0,2500.0,0.02,0.01,True,37,69,True,8,9339;24382;314;24385;1547;18796;2024;3794,3.0,201.375,50.0,62.5,75.0,862.9817500000012
tract_length,tract_length_d_2500,9,20,25000,1.0,2500.0,0.02,0.01,True,40,76,True,12,9570;9629;13374;12055;2010;22236;17806;13374;12055;2300;23220;12055,0.0,22.0,91.66666666666666,91.66666666666666,100.0,565.7195839999999
tract_length,tract_length_d_2500,7,20,25000,1.0,2500.0,0.02,0.01,True,45,90,True,2,8768;22061,3.0,8.5,100.0,100.0,100.0,726.0426249999998
tract_length,tract_length_d_2500,8,20,25000,1.0,2500.0,0.02,0.01,True,60,116,True,2,20474;18760,32.0,41.0,100.0,100.0,100.0,584.3380410000005
tract_length,tract_length_d_2500,10,20,25000,1.0,2500.0,0.02,0.01,True,45,79,True,7,16202;12431;17414;12431;12431;11948;16192,0.0,11.428571428571429,100.0,100.0,100.0,536.2735
tract_length,tract_length_d_2500,11,20,25000,1.0,2500.0,0.02,0.01,True,29,56,True,10,8284;10047;9414;8218;7002;7638;7638;10105;11601;7912,3.0,108.7,30.0,50.0,100.0,547.025584
tract_length,tract_length_d_2500,12,20,25000,1.0,2500.0,0.02,0.01,True,66,120,True,2,18734;19109,1.0,43.5,50.0,100.0,100.0,533.4094580000012
tract_length,tract_length_d_2500,13,20,25000,1.0,2500.0,0.02,0.01,True,28,53,True,1,19780,31.0,31.0,100.0,100.0,100.0,537.4503329999989
tract_length,tract_length_d_2500,14,20,25000,1.0,2500.0,0.02,0.01,True,43,78,True,5,16234;16234;20552;22785;21262,2.0,63.6,60.0,80.0,100.0,578.4726669999998
tract_length,tract_length_d_5000,6,20,25000,1.0,5000.0,0.02,0.01,True,10,16,False,0,,,,,,,313.4335840000002
tract_length,tract_length_d_5000,0,20,25000,1.0,5000.0,0.02,0.01,True,20,37,True,5,9959;2350;16726;22291;9975,1.0,28.6,80.0,100.0,100.0,542.011875
tract_length,tract_length_d_5000,1,20,25000,1.0,5000.0,0.02,0.01,True,26,46,True,10,8584;15100;11694;24147;11695;19573;14370;18502;14356;9224,1.0,80.8,70.0,70.0,80.0,539.8539580000001
tract_length,tract_length_d_5000,4,20,25000,1.0,5000.0,0.02,0.01,True,29,52,True,2,1178;10651,5.0,16.5,100.0,100.0,100.0,571.8587500000006
tract_length,tract_length_d_5000,2,20,25000,1.0,5000.0,0.02,0.01,True,18,29,True,6,20688;17474;19430;17330;12492;22522,6.0,251.66666666666666,50.0,66.66666666666666,66.66666666666666,672.8509999999978
tract_length,tract_length_d_5000,3,20,25000,1.0,5000.0,0.02,0.01,True,19,32,True,6,4098;24283;7301;24236;7334;4069,1.0,27.166666666666668,83.33333333333334,100.0,100.0,586.6275829999985
tract_length,tract_length_d_5000,5,20,25000,1.0,5000.0,0.02,0.01,True,13,24,True,4,13863;21564;23636;21720,12.0,159.0,50.0,50.0,75.0,670.6676249999983
tract_length,tract_length_d_5000,7,20,25000,1.0,5000.0,0.02,0.01,True,21,41,True,6,7928;16318;7942;12136;13111;12136,5.0,31.666666666666668,66.66666666666666,100.0,100.0,593.0888329999995
tract_length,tract_length_d_5000,13,20,25000,1.0,5000.0,0.02,0.01,True,21,37,False,0,,,,,,,347.47241700000234
tract_length,tract_length_d_5000,8,20,25000,1.0,5000.0,0.02,0.01,True,7,13,True,2,8496;174,28.0,2744.5,50.0,50.0,50.0,598.3061250000023
tract_length,tract_length_d_5000,9,20,25000,1.0,5000.0,0.02,0.01,True,21,39,True,4,16014;7048;15234;20442,8.0,51.25,50.0,100.0,100.0,596.4047499999979
tract_length,tract_length_d_5000,12,20,25000,1.0,5000.0,0.02,0.01,True,10,20,True,1,9133,224.0,224.0,0.0,0.0,100.0,567.3879170000014
tract_length,tract_length_d_5000,11,20,25000,1.0,5000.0,0.02,0.01,True,41,73,True,3,20372;21524;21524,3.0,5.666666666666667,100.0,100.0,100.0,566.3287080000003
tract_length,tract_length_d_5000,10,20,25000,1.0,5000.0,0.02,0.01,True,13,24,True,2,6250;18418,2.0,579.0,50.0,50.0,50.0,766.5158749999996
tract_length,tract_length_d_5000,14,20,25000,1.0,5000.0,0.02,0.01,True,21,38,True,6,22206;21658;20026;24028;18174;20823,16.0,203.16666666666666,33.33333333333333,33.33333333333333,50.0,609.6485409999985
import_divergence,divergence_nu_0.005,0,20,25000,1.0,1000.0,0.005,0.01,True,771,1458,True,14,13920;4694;5442;19071;14222;21494;4941;3718;4139;4152;6216;20078;14;5276,2.0,9.071428571428571,100.0,100.0,100.0,646.6154579999994
import_divergence,divergence_nu_0.005,1,20,25000,1.0,1000.0,0.005,0.01,True,262,515,True,7,19750;14500;20083;18934;7260;16558;18788,1.0,7.142857142857143,100.0,100.0,100.0,638.4583329999991
import_divergence,divergence_nu_0.005,3,20,25000,1.0,1000.0,0.005,0.01,True,331,642,True,11,7138;3790;6732;11653;811;15156;24572;2064;20224;23742;21172,0.0,14.909090909090908,90.9090909090909,100.0,100.0,547.2340829999994
import_divergence,divergence_nu_0.005,2,20,25000,1.0,1000.0,0.005,0.01,True,321,617,True,11,18803;15144;17671;17840;17840;10743;11806;13980;18803;5406;17862,0.0,6.363636363636363,100.0,100.0,100.0,594.9260830000007
import_divergence,divergence_nu_0.005,6,20,25000,1.0,1000.0,0.005,0.01,True,330,643,True,31,11390;8408;18304;16246;15184;734;17926;15658;11013;7546;7766;2884;7928;18930;8460;11160;19476;19904;9988;11566;23278;50;22058;13780;21498;5668;9234;4107;11566;20772;11160,0.0,14.096774193548388,100.0,100.0,100.0,539.8547079999964
import_divergence,divergence_nu_0.005,5,20,25000,1.0,1000.0,0.005,0.01,True,392,756,True,11,3457;21914;2180;8954;695;21948;13666;1651;13666;20920;1163,2.0,15.090909090909092,100.0,100.0,100.0,637.6240419999988
import_divergence,divergence_nu_0.005,7,20,25000,1.0,1000.0,0.005,0.01,True,432,834,True,26,9628;9750;22722;20068;16210;16073;7929;450;4380;10214;12073;20435;5506;17484;5308;10186;9071;20766;18443;8822;4924;2768;9724;8850;8300;23804,0.0,10.192307692307692,100.0,100.0,100.0,549.1112089999995
import_divergence,divergence_nu_0.005,4,20,25000,1.0,1000.0,0.005,0.01,True,262,507,True,8,2020;10244;1150;11903;23644;12439;13388;12510,5.0,16.125,100.0,100.0,100.0,764.2035840000005
import_divergence,divergence_nu_0.005,9,20,25000,1.0,1000.0,0.005,0.01,True,338,658,True,15,10530;17632;5860;17632;12902;5830;20312;13951;4440;23730;24250;17190;2282;5862;2746,0.0,8.333333333333334,100.0,100.0,100.0,553.6901659999991
import_divergence,divergence_nu_0.005,11,20,25000,1.0,1000.0,0.005,0.01,True,327,636,True,17,20250;9522;3947;16852;24699;12866;24714;8768;21806;19380;12504;12216;13918;17383;4230;2926;20250,0.0,15.588235294117647,94.11764705882352,94.11764705882352,100.0,566.1780000000008
import_divergence,divergence_nu_0.005,10,20,25000,1.0,1000.0,0.005,0.01,True,190,370,True,10,3798;19494;17912;13596;4222;15425;6690;15944;24768;20545,1.0,6.5,100.0,100.0,100.0,583.2388329999993
import_divergence,divergence_nu_0.005,8,20,25000,1.0,1000.0,0.005,0.01,True,243,466,True,16,3022;770;6048;9816;16084;11015;8666;3754;13604;9752;7130;24988;14620;22930;2398;6146,0.0,12.0625,100.0,100.0,100.0,644.054624999999
import_divergence,divergence_nu_0.005,12,20,25000,1.0,1000.0,0.005,0.01,True,246,475,True,25,11544;22381;12842;19924;19301;20144;10981;9875;9981;8267;21906;7006;3279;20124;11729;8919;15417;8376;15408;9241;20660;22960;8898;6156;19924,1.0,12.48,92.0,100.0,100.0,600.7150830000007
import_divergence,divergence_nu_0.005,13,20,25000,1.0,1000.0,0.005,0.01,True,522,998,True,11,1074;1072;21298;10598;20042;7840;24234;19580;21934;9878;3005,0.0,6.0,100.0,100.0,100.0,554.6943330000005
import_divergence,divergence_nu_0.01,0,20,25000,1.0,1000.0,0.01,0.01,True,220,430,True,28,16012;22371;8918;11906;23192;10532;1878;8470;21410;8028;13816;5200;21410;13816;282;12639;21816;22878;10616;8928;23690;11778;22773;19228;20706;8928;11067;7607,0.0,14.714285714285714,96.42857142857143,100.0,100.0,550.4029169999995
import_divergence,divergence_nu_0.005,14,20,25000,1.0,1000.0,0.005,0.01,True,459,875,True,6,8596;3783;8064;6262;6266;15348,0.0,10.833333333333334,100.0,100.0,100.0,636.3675000000022
import_divergence,divergence_nu_0.01,3,20,25000,1.0,1000.0,0.01,0.01,True,107,214,True,3,8922;17078;8922,5.0,12.333333333333334,100.0,100.0,100.0,543.5972499999978
import_divergence,divergence_nu_0.01,2,20,25000,1.0,1000.0,0.01,0.01,True,122,239,True,5,24090;8310;20644;16400;2790,10.0,52.0,60.0,80.0,100.0,588.8337500000027
import_divergence,divergence_nu_0.01,4,20,25000,1.0,1000.0,0.01,0.01,True,112,218,True,16,1952;14372;7880;8840;6832;8570;7889;7542;22452;16948;6542;15900;5202;7530;8588;8840,1.0,20.25,100.0,100.0,100.0,560.3546249999987
import_divergence,divergence_nu_0.01,1,20,25000,1.0,1000.0,0.01,0.01,True,179,352,True,24,7858;17041;21506;21990;5742;21074;14436;5862;18756;7183;7734;17541;9422;20624;21629;331;13847;3622;9236;21506;21170;9251;6660;7522,3.0,21.25,87.5,95.83333333333334,100.0,647.3314169999967
import_divergence,divergence_nu_0.01,5,20,25000,1.0,1000.0,0.01,0.01,True,139,274,True,10,16136;10750;23170;20170;20726;14332;14230;17634;1006;17634,2.0,9.2,100.0,100.0,100.0,573.2689999999998
import_divergence,divergence_nu_0.01,6,20,25000,1.0,1000.0,0.01,0.01,True,134,262,True,9,13708;12122;7764;16673;8890;5493;20864;14060;22497,3.0,23.11111111111111,88.88888888888889,100.0,100.0,584.5541250000003
import_divergence,divergence_nu_0.01,7,20,25000,1.0,1000.0,0.01,0.01,True,175,340,True,19,15732;17696;15732;8048;21840;14566;4674;5117;10078;7969;11392;3572;3578;7648;5556;8326;23211;23585;5516,1.0,22.736842105263158,84.21052631578947,94.73684210526315,100.0,541.9845000000016
import_divergence,divergence_nu_0.01,9,20,25000,1.0,1000.0,0.01,0.01,True,107,210,True,4,12355;20836;16986;16990,0.0,9.0,100.0,100.0,100.0,554.1869169999991
import_divergence,divergence_nu_0.01,8,20,25000,1.0,1000.0,0.01,0.01,True,294,565,True,4,7758;6132;24398;414,0.0,23.0,75.0,100.0,100.0,804.668208999999
import_divergence,divergence_nu_0.01,10,20,25000,1.0,1000.0,0.01,0.01,True,262,506,True,15,3788;22038;11740;15108;4399;24262;13200;9198;2611;2331;15897;8667;8667;4408;13474,0.0,13.8,100.0,100.0,100.0,570.3178329999971
import_divergence,divergence_nu_0.01,11,20,25000,1.0,1000.0,0.01,0.01,True,188,363,True,23,16102;3426;7323;14756;15434;8813;16056;18102;16516;9211;5802;8216;13798;4464;4806;22282;17990;17730;18301;3960;8855;17690;8216,1.0,24.434782608695652,86.95652173913044,95.65217391304348,100.0,706.4849160000008
import_divergence,divergence_nu_0.01,12,20,25000,1.0,1000.0,0.01,0.01,True,222,431,True,31,871;21324;4126;24778;18620;5860;15544;16520;24067;15825;4688;5151;1922;13392;12156;21019;4678;10860;12543;13640;15544;11560;15071;12156;10768;4968;8980;3330;14945;20978;24886,0.0,20.451612903225808,87.09677419354838,96.7741935483871,100.0,735.2670840000002
import_divergence,divergence_nu_0.01,14,20,25000,1.0,1000.0,0.01,0.01,True,244,468,True,9,8312;8312;5040;17108;898;2515;5294;19918;18740,3.0,30.333333333333332,88.88888888888889,88.88888888888889,100.0,675.4797919999974
import_divergence,divergence_nu_0.01,13,20,25000,1.0,1000.0,0.01,0.01,True,192,373,True,18,8944;23577;23577;3930;8304;11398;14888;15557;16439;5876;23156;7232;8944;8304;23156;23577;8921;12737,2.0,25.38888888888889,88.88888888888889,94.44444444444444,100.0,748.2710410000025
import_divergence,divergence_nu_0.03,0,20,25000,1.0,1000.0,0.03,0.01,True,28,54,True,3,7531;3127;4252,51.0,255.33333333333334,0.0,33.33333333333333,66.66666666666666,692.9715839999985
import_divergence,divergence_nu_0.03,2,20,25000,1.0,1000.0,0.03,0.01,True,96,187,True,14,18040;10538;11585;20058;3080;2386;19659;18410;18040;11548;19659;6994;13844;22940,1.0,15.642857142857142,100.0,100.0,100.0,680.4984580000024
import_divergence,divergence_nu_0.03,1,20,25000,1.0,1000.0,0.03,0.01,True,78,149,True,11,19790;13009;21853;3816;8042;661;6737;2178;6804;2328;14976,1.0,20.181818181818183,90.9090909090909,100.0,100.0,785.0950830000016
import_divergence,divergence_nu_0.03,4,20,25000,1.0,1000.0,0.03,0.01,True,36,72,True,8,15648;19837;18749;4282;4527;16842;4880;24700,19.0,72.625,62.5,87.5,87.5,680.7338340000015
import_divergence,divergence_nu_0.03,5,20,25000,1.0,1000.0,0.03,0.01,True,33,66,True,3,5407;6786;7316,1.0,3.3333333333333335,100.0,100.0,100.0,661.1644169999984
import_divergence,divergence_nu_0.03,3,20,25000,1.0,1000.0,0.03,0.01,True,92,183,True,7,2038;3093;4977;14501;19415;4224;1497,3.0,36.142857142857146,57.14285714285714,85.71428571428571,100.0,888.3614590000022
import_divergence,divergence_nu_0.03,8,20,25000,1.0,1000.0,0.03,0.01,True,65,129,True,12,13604;22647;24266;10779;15024;6240;18884;21084;11433;22270;15094;22641,2.0,47.5,75.0,75.0,100.0,632.9590419999995
import_divergence,divergence_nu_0.03,7,20,25000,1.0,1000.0,0.03,0.01,True,49,95,True,9,16326;21720;22568;23720;22571;23159;12648;23046;22788,0.0,36.111111111111114,77.77777777777779,88.88888888888889,100.0,666.230291999998
import_divergence,divergence_nu_0.03,6,20,25000,1.0,1000.0,0.03,0.01,True,34,67,True,7,1630;9134;22674;2990;6652;1069;2900,1.0,22.285714285714285,85.71428571428571,100.0,100.0,831.9430420000025
import_divergence,divergence_nu_0.03,9,20,25000,1.0,1000.0,0.03,0.01,True,48,94,True,4,11996;4004;10365;22718,10.0,177.0,50.0,50.0,75.0,593.1111250000001
import_divergence,divergence_nu_0.03,10,20,25000,1.0,1000.0,0.03,0.01,True,33,64,True,2,3698;10572,73.0,87.0,0.0,50.0,100.0,590.4409590000022
import_divergence,divergence_nu_0.03,11,20,25000,1.0,1000.0,0.03,0.01,True,60,119,True,15,7788;20304;9548;22945;20402;12376;20100;21752;9574;7788;23210;16529;10055;8952;11199,1.0,39.6,66.66666666666666,93.33333333333333,100.0,568.1187080000001
import_divergence,divergence_nu_0.03,12,20,25000,1.0,1000.0,0.03,0.01,True,84,165,True,14,18054;20972;15015;15834;21491;6050;5878;21466;20982;5436;15832;5764;16455;11969,3.0,23.0,85.71428571428571,100.0,100.0,560.4957500000012
import_divergence,divergence_nu_0.03,13,20,25000,1.0,1000.0,0.03,0.01,True,59,118,True,10,17208;18628;6841;23778;24564;11374;15423;24635;19500;24058,3.0,18.4,100.0,100.0,100.0,595.0695840000009
import_divergence,divergence_nu_0.03,14,20,25000,1.0,1000.0,0.03,0.01,True,78,151,True,23,3428;2810;19586;13756;12226;17836;3681;2292;20750;12226;19434;1545;22636;4532;23590;24574;23409;1545;3364;3705;13751;1541;3699,0.0,14.0,95.65217391304348,100.0,100.0,631.4876669999983
import_divergence,divergence_nu_0.08,2,20,25000,1.0,1000.0,0.08,0.01,True,11,21,False,0,,,,,,,311.3048340000013
import_divergence,divergence_nu_0.08,1,20,25000,1.0,1000.0,0.08,0.01,True,43,86,True,4,7092;8608;7110;12980,5.0,66.25,50.0,50.0,100.0,549.8733750000007
import_divergence,divergence_nu_0.08,0,20,25000,1.0,1000.0,0.08,0.01,True,47,93,True,7,20480;23822;19766;5478;6186;3834;20827,0.0,81.28571428571429,57.14285714285714,71.42857142857143,85.71428571428571,765.414916000001
import_divergence,divergence_nu_0.08,3,20,25000,1.0,1000.0,0.08,0.01,True,29,57,True,18,19726;20451;19730;9534;1336;2904;19730;11364;8476;11334;8476;7076;13131;12134;20451;12638;12638;1574,0.0,46.333333333333336,77.77777777777779,88.88888888888889,88.88888888888889,545.3703339999976
import_divergence,divergence_nu_0.08,4,20,25000,1.0,1000.0,0.08,0.01,True,17,34,True,8,12588;21660;13275;13874;22004;4165;7123;5564,2.0,106.875,62.5,87.5,87.5,593.604250000002
import_divergence,divergence_nu_0.08,5,20,25000,1.0,1000.0,0.08,0.01,True,49,95,True,9,7032;18020;7030;18092;2770;1138;1033;13994;16435,2.0,113.11111111111111,33.33333333333333,66.66666666666666,77.77777777777779,602.2570420000015
import_divergence,divergence_nu_0.08,6,20,25000,1.0,1000.0,0.08,0.01,True,57,112,True,8,11899;17229;11384;15562;11899;3861;11899;3185,3.0,38.875,75.0,87.5,100.0,609.9822920000015
import_divergence,divergence_nu_0.08,8,20,25000,1.0,1000.0,0.08,0.01,True,22,43,True,4,7728;21503;19800;14670,17.0,141.0,75.0,75.0,75.0,580.1897080000025
import_divergence,divergence_nu_0.08,9,20,25000,1.0,1000.0,0.08,0.01,True,27,54,True,3,7930;7950;6910,4.0,8.333333333333334,100.0,100.0,100.0,569.897375
import_divergence,divergence_nu_0.08,7,20,25000,1.0,1000.0,0.08,0.01,True,9,18,True,8,17230;5820;6632;4849;16198;16703;3676;3933,1.0,148.5,37.5,37.5,75.0,633.5429579999995
import_divergence,divergence_nu_0.08,10,20,25000,1.0,1000.0,0.08,0.01,True,8,14,True,2,12079;11540,28.0,265.0,50.0,50.0,50.0,543.8574590000017
import_divergence,divergence_nu_0.08,11,20,25000,1.0,1000.0,0.08,0.01,True,29,57,True,7,7214;6212;22687;1204;12156;21188;18674,29.0,271.85714285714283,14.285714285714285,42.857142857142854,57.14285714285714,560.0810000000002
taxon_scaling,taxon_scaling_n_10,1,10,25000,1.0,1000.0,0.02,0.01,True,28,54,False,0,,,,,,,210.9315830000007
import_divergence,divergence_nu_0.08,13,20,25000,1.0,1000.0,0.08,0.01,True,45,89,True,14,15816;2758;19162;20092;17230;5199;20092;17378;16040;19190;5068;11946;12484;11946,1.0,55.92857142857143,64.28571428571429,71.42857142857143,100.0,542.2810839999989
import_divergence,divergence_nu_0.08,12,20,25000,1.0,1000.0,0.08,0.01,True,34,68,True,6,14211;11312;1372;6484;12001;6798,3.0,164.66666666666666,66.66666666666666,66.66666666666666,66.66666666666666,619.7517500000025
taxon_scaling,taxon_scaling_n_10,0,10,25000,1.0,1000.0,0.02,0.01,True,106,207,True,15,18066;3232;13244;13163;18929;13244;3232;14929;2434;14405;2423;18938;17158;14540;23488,1.0,6.2,100.0,100.0,100.0,394.4389589999986
import_divergence,divergence_nu_0.08,14,20,25000,1.0,1000.0,0.08,0.01,True,50,95,True,17,12116;6320;3249;3664;20130;3944;10505;7936;17111;12224;3906;17109;3121;3672;4272;7005;17871,0.0,58.411764705882355,64.70588235294117,76.47058823529412,94.11764705882352,552.4726250000001
taxon_scaling,taxon_scaling_n_10,3,10,25000,1.0,1000.0,0.02,0.01,True,49,96,True,5,9026;8644;21640;12342;13982,6.0,107.2,40.0,80.0,80.0,451.1905419999991
taxon_scaling,taxon_scaling_n_10,2,10,25000,1.0,1000.0,0.02,0.01,True,70,137,True,10,8596;3573;9559;2185;8243;17330;3604;9687;9687;772,0.0,24.1,90.0,100.0,100.0,560.6366660000006
taxon_scaling,taxon_scaling_n_10,4,10,25000,1.0,1000.0,0.02,0.01,True,70,138,True,7,1796;5358;8242;22966;12522;24651;15528,1.0,19.571428571428573,85.71428571428571,100.0,100.0,429.65762500000085
taxon_scaling,taxon_scaling_n_20,0,20,25000,1.0,1000.0,0.02,0.01,True,97,189,True,17,13890;9390;19514;7116;9406;13193;8632;18700;19414;20943;6106;7128;23543;13384;5482;4442;15374,2.0,29.88235294117647,82.35294117647058,94.11764705882352,100.0,600.4649579999999
taxon_scaling,taxon_scaling_n_20,1,20,25000,1.0,1000.0,0.02,0.01,True,52,99,True,1,22742,5.0,5.0,100.0,100.0,100.0,584.2618749999992
taxon_scaling,taxon_scaling_n_20,2,20,25000,1.0,1000.0,0.02,0.01,True,205,398,True,29,7343;23258;23272;6791;13150;8706;12555;7877;7877;23842;22969;24224;24730;5656;9336;24764;3611;24545;10164;23250;8826;21711;23694;7346;4402;23272;3611;2275;10327,0.0,18.551724137931036,82.75862068965517,100.0,100.0,589.1385420000006
taxon_scaling,taxon_scaling_n_20,4,20,25000,1.0,1000.0,0.02,0.01,True,69,135,True,10,15700;13663;10486;4162;19948;13536;2628;4112;2442;9571,2.0,59.5,70.0,80.0,100.0,610.6048340000001
taxon_scaling,taxon_scaling_n_20,3,20,25000,1.0,1000.0,0.02,0.01,True,47,93,True,3,9100;8354;10674,2.0,9.666666666666666,100.0,100.0,100.0,716.7029169999992
taxon_scaling,taxon_scaling_n_50,0,50,25000,1.0,1000.0,0.02,0.01,True,133,261,True,20,19163;22770;7863;22274;8817;5378;6714;6272;12745;12858;14720;23870;17247;18890;316;22854;9046;24995;11436;11779,0.0,30.1,85.0,90.0,100.0,1815.818208000003
taxon_scaling,taxon_scaling_n_50,1,50,25000,1.0,1000.0,0.02,0.01,True,104,202,True,20,13149;16422;13643;20960;20970;11335;23470;22644;18734;23470;16416;16416;20414;20688;11335;12999;10384;21320;16936;2604,1.0,19.3,95.0,95.0,100.0,2162.5386659999995
taxon_scaling,taxon_scaling_n_50,3,50,25000,1.0,1000.0,0.02,0.01,True,102,198,True,3,15414;16152;20644,5.0,10.333333333333334,100.0,100.0,100.0,1858.1555420000022
taxon_scaling,taxon_scaling_n_50,2,50,25000,1.0,1000.0,0.02,0.01,True,105,205,True,11,24664;2875;1900;1368;3041;6222;1972;3279;2188;21074;22936,4.0,22.545454545454547,90.9090909090909,100.0,100.0,2257.6714580000007
taxon_scaling,taxon_scaling_n_50,4,50,25000,1.0,1000.0,0.02,0.01,True,94,186,True,22,17358;18395;17628;17027;19150;11428;19862;7999;17358;14490;16906;4868;23902;4658;16370;10451;12176;24112;18405;3926;19350;19169,0.0,45.09090909090909,59.09090909090909,86.36363636363636,100.0,1937.1892499999994
taxon_scaling,taxon_scaling_n_100,2,100,25000,1.0,1000.0,0.02,0.01,True,106,203,True,16,15586;6298;9630;11462;18156;10912;18232;20026;19940;23338;21924;7758;11690;22738;6127;5674,1.0,61.6875,87.5,87.5,87.5,5977.944666999999
taxon_scaling,taxon_scaling_n_100,0,100,25000,1.0,1000.0,0.02,0.01,True,130,255,True,40,5238;5030;13236;5131;2842;20714;19701;20131;16034;4604;21304;19278;24998;8120;21510;7381;22491;24178;14282;22432;17810;5463;17639;19867;24640;16328;17810;12932;8154;4334;3424;14204;3950;20648;13594;12542;13510;9348;1768;3969,1.0,32.15,75.0,90.0,100.0,6213.829915999998
taxon_scaling,taxon_scaling_n_100,1,100,25000,1.0,1000.0,0.02,0.01,True,88,173,True,11,3389;17105;17026;22698;3630;16484;9454;17163;23320;14956;13984,4.0,46.36363636363637,81.81818181818183,81.81818181818183,100.0,6567.313250000002
taxon_scaling,taxon_scaling_n_100,3,100,25000,1.0,1000.0,0.02,0.01,True,172,334,True,25,12148;13000;24198;23994;14310;21015;14282;14842;21384;19541;22674;18748;14498;11028;12096;22297;21028;22067;10322;23890;20588;18671;24198;13516;21490,0.0,25.12,84.0,96.0,100.0,5566.637291999999
taxon_scaling,taxon_scaling_n_100,4,100,25000,1.0,1000.0,0.02,0.01,True,220,422,True,39,4025;3482;13534;15820;8000;13901;11215;22506;3512;15598;17171;22808;24130;14220;3482;18442;16282;7996;17296;8888;22004;15300;6664;11228;13796;20912;5960;20219;6994;12896;12712;23502;10868;18442;13901;20860;23501;15598;20230,0.0,15.128205128205128,97.43589743589743,100.0,100.0,5512.308166000001
